CloseTimeMs,Date,Open,High,Low,Close,Volume,Buy,Sell
1759410899999,2025-10-02 10:14:00,4396.84,4396.85,4394.65,4394.99,2630.43,0,0
1759411019999,2025-10-02 10:16:00,4393.0,4393.0,4387.09,4388.09,5541.08,0,0
1759411079999,2025-10-02 10:17:00,4388.09,4390.3,4387.09,4387.1,3415.17,0,0
1759411139999,2025-10-02 10:18:00,4386.85,4386.86,4377.0,4379.83,17899.23,0,0
1759411319999,2025-10-02 10:21:00,4390.54,4395.0,4390.54,4393.42,4819.18,1,0
1759411379999,2025-10-02 10:22:00,4393.41,4395.0,4393.38,4394.15,1501.35,0,0
1759411439999,2025-10-02 10:23:00,4393.84,4394.33,4392.13,4392.87,1490.97,0,0
1759411499999,2025-10-02 10:24:00,4393.21,4394.16,4389.66,4389.67,1474.21,0,0
1759412099999,2025-10-02 10:34:00,4396.64,4398.0,4390.4,4390.4,2671.42,0,0
1759412159999,2025-10-02 10:35:00,4390.4,4393.53,4387.05,4390.58,5939.2,0,0
1759412219999,2025-10-02 10:36:00,4390.2,4396.72,4390.09,4395.26,4213.96,0,0
1759412279999,2025-10-02 10:37:00,4396.13,4401.18,4395.25,4401.17,5820.97,0,0
1759412339999,2025-10-02 10:38:00,4401.83,4402.95,4392.84,4395.23,4815.67,0,0
1759412399999,2025-10-02 10:39:00,4395.61,4398.11,4389.2,4390.72,2403.29,0,1
1759412459999,2025-10-02 10:40:00,4391.04,4393.31,4386.1,4390.32,3957.09,0,0
1759412519999,2025-10-02 10:41:00,4389.37,4394.65,4387.32,4390.85,1716.94,0,0
1759412579999,2025-10-02 10:42:00,4390.07,4393.76,4387.31,4388.91,2733.53,0,0
1759412639999,2025-10-02 10:43:00,4389.24,4390.21,4384.31,4390.21,3319.82,0,0
1759412699999,2025-10-02 10:44:00,4390.17,4395.53,4388.56,4395.38,3098.06,0,0
1759412759999,2025-10-02 10:45:00,4395.99,4401.79,4394.39,4400.13,6939.15,0,0
1759412819999,2025-10-02 10:46:00,4400.27,4406.09,4398.32,4406.09,6965.52,0,0
1759412879999,2025-10-02 10:47:00,4405.71,4415.99,4403.12,4409.23,15215.3,0,0
1759412939999,2025-10-02 10:48:00,4409.56,4411.91,4405.44,4405.56,8327.57,1,0
1759412999999,2025-10-02 10:49:00,4407.39,4409.13,4396.14,4400.21,6675.37,0,0
1759413059999,2025-10-02 10:50:00,4401.43,4401.43,4396.93,4400.4,2996.26,0,0
1759413119999,2025-10-02 10:51:00,4401.66,4410.48,4401.66,4409.55,5635.73,0,0
1759413179999,2025-10-02 10:52:00,4409.88,4414.74,4407.46,4407.46,7431.52,0,0
1759413239999,2025-10-02 10:53:00,4408.51,4414.6,4406.95,4412.51,3603.97,0,0
1759413299999,2025-10-02 10:54:00,4412.99,4416.72,4412.88,4415.65,6869.17,0,0
1759413359999,2025-10-02 10:55:00,4415.28,4416.36,4413.78,4414.35,3805.0,0,0
1759413419999,2025-10-02 10:56:00,4413.7,4414.31,4406.96,4409.45,5292.52,0,1
1759413479999,2025-10-02 10:57:00,4410.56,4413.57,4410.04,4413.01,2016.26,0,0
1759413539999,2025-10-02 10:58:00,4413.01,4414.65,4409.89,4411.1,3583.69,0,0
1759413599999,2025-10-02 10:59:00,4410.47,4415.0,4408.4,4414.35,2419.82,0,0
1759413659999,2025-10-02 11:00:00,4414.97,4418.36,4412.84,4414.83,7483.4,0,0
1759413719999,2025-10-02 11:01:00,4414.83,4416.91,4407.49,4410.57,5308.4,0,0
1759413779999,2025-10-02 11:02:00,4411.33,4413.16,4407.58,4409.24,4226.66,0,1
1759413839999,2025-10-02 11:03:00,4409.18,4415.25,4409.18,4414.67,3466.58,0,0
1759413899999,2025-10-02 11:04:00,4414.37,4416.07,4411.4,4415.1,2304.74,0,0
1759413959999,2025-10-02 11:05:00,4415.1,4418.88,4413.97,4414.85,4930.84,0,0
1759414019999,2025-10-02 11:06:00,4414.61,4417.34,4408.08,4410.32,4665.39,0,0
1759414079999,2025-10-02 11:07:00,4410.39,4412.84,4410.14,4410.14,1487.08,0,1
1759414139999,2025-10-02 11:08:00,4409.49,4409.49,4402.69,4405.73,5491.16,0,0
1759414199999,2025-10-02 11:09:00,4405.08,4406.81,4401.68,4401.88,3699.83,0,0
1759414259999,2025-10-02 11:10:00,4402.03,4406.21,4400.13,4402.79,3699.49,0,0
1759414919999,2025-10-02 11:21:00,4394.38,4399.56,4393.78,4396.34,2856.45,0,0
1759414979999,2025-10-02 11:22:00,4396.33,4398.34,4394.33,4397.69,1518.72,0,0
1759415039999,2025-10-02 11:23:00,4398.03,4409.55,4398.03,4409.22,3463.78,0,0
1759415099999,2025-10-02 11:24:00,4408.09,4410.0,4407.43,4409.99,2992.16,1,0
1759415159999,2025-10-02 11:25:00,4409.99,4412.0,4405.54,4408.3,3381.72,0,0
1759415219999,2025-10-02 11:26:00,4408.14,4414.6,4407.1,4413.01,5457.42,0,0
1759415279999,2025-10-02 11:27:00,4413.0,4416.71,4413.0,4414.51,6250.19,0,0
1759415339999,2025-10-02 11:28:00,4414.46,4417.78,4410.32,4411.03,4286.98,0,0
1759415399999,2025-10-02 11:29:00,4412.65,4414.9,4412.22,4413.77,1524.38,0,0
1759415459999,2025-10-02 11:30:00,4413.77,4417.41,4413.76,4415.64,2305.31,0,0
1759415519999,2025-10-02 11:31:00,4415.64,4416.94,4408.48,4408.66,3805.58,0,0
1759415579999,2025-10-02 11:32:00,4409.18,4411.15,4407.11,4407.93,2791.15,0,1
1759415639999,2025-10-02 11:33:00,4407.92,4407.93,4400.0,4400.01,5151.46,0,0
1759415699999,2025-10-02 11:34:00,4400.0,4405.28,4393.51,4403.83,8252.85,0,0
1759415759999,2025-10-02 11:35:00,4403.84,4404.71,4400.91,4401.13,2900.12,0,0
1759415819999,2025-10-02 11:36:00,4400.05,4404.6,4400.03,4400.04,2574.84,0,0
1759415879999,2025-10-02 11:37:00,4400.04,4403.16,4394.0,4403.03,8633.69,0,0
1759415939999,2025-10-02 11:38:00,4403.07,4403.56,4399.31,4403.01,1362.72,0,0
1759415999999,2025-10-02 11:39:00,4403.0,4404.43,4400.92,4403.37,1997.4,0,0
1759416059999,2025-10-02 11:40:00,4403.58,4403.58,4396.63,4396.95,2369.84,0,0
1759416119999,2025-10-02 11:41:00,4397.3,4398.89,4394.19,4395.6,3061.27,0,0
1759416179999,2025-10-02 11:42:00,4395.11,4396.66,4393.06,4394.97,4041.35,0,0
1759416239999,2025-10-02 11:43:00,4395.01,4395.66,4386.33,4390.85,12084.11,0,1
1759416299999,2025-10-02 11:44:00,4390.85,4390.85,4380.72,4384.28,11177.74,0,0
1759416359999,2025-10-02 11:45:00,4384.28,4390.0,4384.28,4389.23,6409.7,0,0
1759416419999,2025-10-02 11:46:00,4388.65,4389.4,4383.97,4384.86,4399.5,0,0
1759416479999,2025-10-02 11:47:00,4385.03,4386.49,4380.69,4380.9,4521.91,0,0
1759416539999,2025-10-02 11:48:00,4380.71,4384.07,4375.76,4383.53,14983.19,0,0
1759416599999,2025-10-02 11:49:00,4383.99,4389.27,4382.32,4386.9,5359.16,0,0
1759416659999,2025-10-02 11:50:00,4387.04,4387.24,4364.58,4369.68,23696.17,0,0
1759416719999,2025-10-02 11:51:00,4368.24,4376.01,4367.48,4375.32,13027.72,0,1
1759416779999,2025-10-02 11:52:00,4375.39,4378.0,4371.23,4375.56,10110.2,0,0
1759416839999,2025-10-02 11:53:00,4375.96,4386.59,4375.76,4385.04,12946.35,0,0
1759416899999,2025-10-02 11:54:00,4385.04,4385.05,4375.68,4376.56,3489.26,0,0
1759416959999,2025-10-02 11:55:00,4377.16,4379.1,4375.66,4377.23,3002.84,0,0
1759417019999,2025-10-02 11:56:00,4377.66,4377.77,4368.77,4373.04,8006.45,0,0
1759417079999,2025-10-02 11:57:00,4373.25,4377.16,4369.42,4377.0,4618.13,0,0
1759417139999,2025-10-02 11:58:00,4376.99,4377.87,4374.48,4375.7,4417.83,0,0
1759417199999,2025-10-02 11:59:00,4376.56,4376.57,4372.01,4372.17,3794.68,0,0
1759417259999,2025-10-02 12:00:00,4372.54,4372.68,4365.63,4369.47,6925.47,0,0
1759417319999,2025-10-02 12:01:00,4371.37,4371.53,4363.59,4365.74,7513.37,0,0
1759417379999,2025-10-02 12:02:00,4367.07,4368.43,4362.16,4364.16,7818.96,0,0
1759417439999,2025-10-02 12:03:00,4363.27,4364.98,4353.34,4358.03,21267.31,0,0
1759417499999,2025-10-02 12:04:00,4358.74,4358.75,4332.23,4344.07,74120.6,0,0
1759417559999,2025-10-02 12:05:00,4344.18,4347.91,4339.22,4345.45,15289.64,0,1
1759417619999,2025-10-02 12:06:00,4347.12,4354.72,4347.11,4353.28,10835.49,0,0
1759417679999,2025-10-02 12:07:00,4353.62,4362.0,4353.61,4361.33,14079.1,0,0
1759417739999,2025-10-02 12:08:00,4361.03,4363.98,4357.21,4363.98,9617.41,0,0
1759417799999,2025-10-02 12:09:00,4364.44,4370.83,4361.72,4370.82,8750.8,1,0
1759417859999,2025-10-02 12:10:00,4371.72,4385.71,4371.28,4382.2,30235.89,0,0
1759417919999,2025-10-02 12:11:00,4382.2,4387.79,4380.17,4383.05,9746.48,0,0
1759417979999,2025-10-02 12:12:00,4383.05,4385.0,4380.36,4380.37,4660.22,0,0
1759418999999,2025-10-02 12:00:00,4372.54,4417.96,4332.23,4405.44,360412.13,0,0
1759420799999,2025-10-02 12:30:00,4405.82,4441.67,4390.44,4435.87,204544.99,1,0
1759422599999,2025-10-02 13:00:00,4435.5,4469.0,4428.67,4439.15,292446.24,0,0
1759435199999,2025-10-02 16:30:00,4496.99,4509.39,4486.14,4493.06,71585.78,0,0
1759436999999,2025-10-02 17:00:00,4493.07,4495.36,4478.33,4480.03,52846.31,0,0
1759438799999,2025-10-02 17:30:00,4480.49,4489.0,4465.71,4488.99,59356.89,0,0
1759440599999,2025-10-02 18:00:00,4489.0,4494.76,4474.4,4477.78,41070.3,0,0
1759442399999,2025-10-02 18:30:00,4477.68,4480.38,4465.62,4465.62,26926.21,0,0
1759444199999,2025-10-02 19:00:00,4466.66,4483.13,4457.2,4465.45,69914.99,0,0
1759445999999,2025-10-02 19:30:00,4465.55,4469.03,4453.46,4462.0,57878.04,0,0
1759447799999,2025-10-02 20:00:00,4461.85,4475.23,4460.52,4463.99,38336.43,1,0
1759449599999,2025-10-02 20:30:00,4463.99,4485.31,4462.08,4481.71,43264.61,0,0
1759451399999,2025-10-02 21:00:00,4481.7,4481.71,4463.2,4472.62,38930.66,0,0
1759453199999,2025-10-02 21:30:00,4472.63,4475.84,4465.56,4466.48,24315.35,0,0
1759454999999,2025-10-02 22:00:00,4466.49,4477.9,4459.01,4466.76,70235.43,0,0
1759456799999,2025-10-02 22:30:00,4466.6,4476.21,4464.32,4469.64,32349.77,0,0
1759458599999,2025-10-02 23:00:00,4469.64,4496.56,4469.08,4481.5,66914.58,0,0
1759460399999,2025-10-02 23:30:00,4481.51,4514.51,4479.07,4507.99,107535.49,0,0
1759462199999,2025-10-03 00:00:00,4508.0,4559.0,4504.31,4527.84,207379.84,0,0
1759463999999,2025-10-03 00:30:00,4527.84,4531.25,4487.53,4498.94,117359.28,0,1
1759465799999,2025-10-03 01:00:00,4498.97,4509.25,4494.43,4498.53,46257.44,0,1
1759467599999,2025-10-03 01:30:00,4498.52,4498.53,4475.0,4491.5,71485.19,0,0
1759469399999,2025-10-03 02:00:00,4494.88,4499.72,4475.81,4480.01,54852.16,0,0
1759471199999,2025-10-03 02:30:00,4479.32,4480.57,4464.28,4474.7,75909.99,0,0
1759472999999,2025-10-03 03:00:00,4474.69,4484.11,4469.0,4478.99,47249.38,0,0
1759474799999,2025-10-03 03:30:00,4479.56,4481.8,4456.13,4470.1,57694.39,0,0
1759476599999,2025-10-03 04:00:00,4470.1,4474.82,4451.46,4452.76,62990.92,0,0
1759478399999,2025-10-03 04:30:00,4452.79,4462.2,4452.5,4460.84,53729.83,0,0
1759480199999,2025-10-03 05:00:00,4460.84,4462.5,4426.0,4448.28,145936.6,0,0
1759481999999,2025-10-03 05:30:00,4448.28,4465.78,4446.5,4464.56,72916.86,0,0
1759483799999,2025-10-03 06:00:00,4464.56,4479.84,4454.0,4473.44,88040.93,1,0
1759485599999,2025-10-03 06:30:00,4473.44,4478.09,4465.66,4471.76,34827.22,1,0
1759487399999,2025-10-03 07:00:00,4471.75,4483.3,4465.56,4480.67,42015.61,0,0
1759489199999,2025-10-03 07:30:00,4480.66,4493.08,4478.1,4487.34,48450.32,0,0
1759490999999,2025-10-03 08:00:00,4487.34,4488.0,4463.5,4477.31,65736.5,0,0
1759492799999,2025-10-03 08:30:00,4477.69,4485.6,4471.32,4476.2,32951.32,0,0
1759494599999,2025-10-03 09:00:00,4476.2,4483.12,4471.47,4472.06,31166.22,0,0
1759496399999,2025-10-03 09:30:00,4471.86,4490.45,4470.84,4480.58,45062.52,0,0
1759498199999,2025-10-03 10:00:00,4480.58,4492.25,4446.18,4489.52,110156.65,0,0
1759499999999,2025-10-03 10:30:00,4489.52,4502.99,4464.08,4468.68,115353.94,0,0
1759500299999,2025-10-03 11:00:00,4468.51,4468.51,4450.29,4465.33,41234.07,0,1
1759500599999,2025-10-03 11:05:00,4465.32,4466.52,4453.16,4456.88,13709.17,0,0
1759500899999,2025-10-03 11:10:00,4457.26,4460.0,4442.03,4446.82,23945.18,0,0
1759501199999,2025-10-03 11:15:00,4449.1,4452.6,4437.55,4441.42,27126.45,0,0
1759501499999,2025-10-03 11:20:00,4442.42,4460.3,4433.64,4457.36,46219.94,0,0
1759501799999,2025-10-03 11:25:00,4457.19,4466.7,4456.4,4464.4,17384.75,1,0
1759502099999,2025-10-03 11:30:00,4464.39,4464.67,4454.2,4461.63,10655.57,0,0
1759502399999,2025-10-03 11:35:00,4461.63,4477.33,4458.47,4475.01,20754.48,0,0
1759502699999,2025-10-03 11:40:00,4475.01,4479.99,4469.28,4471.24,14881.9,0,0
1759502999999,2025-10-03 11:45:00,4470.3,4486.0,4470.3,4478.84,18503.64,0,0
1759503299999,2025-10-03 11:50:00,4478.83,4488.14,4476.56,4486.33,12905.88,0,0
1759503599999,2025-10-03 11:55:00,4485.65,4487.0,4477.37,4481.4,11871.16,0,0
1759503899999,2025-10-03 12:00:00,4480.91,4480.91,4461.6,4462.87,20915.95,0,0
1759504199999,2025-10-03 12:05:00,4464.22,4472.82,4462.02,4465.09,17580.69,0,0
1759504499999,2025-10-03 12:10:00,4465.09,4465.94,4455.51,4465.58,10390.16,0,1
1759504799999,2025-10-03 12:15:00,4465.98,4492.22,4465.98,4483.8,33846.41,0,0
1759505099999,2025-10-03 12:20:00,4483.8,4493.67,4481.02,4484.77,21693.99,0,0
1759505399999,2025-10-03 12:25:00,4484.75,4484.75,4475.62,4477.86,11713.79,0,0
1759505699999,2025-10-03 12:30:00,4478.75,4504.53,4476.06,4501.24,40195.53,0,0
1759505999999,2025-10-03 12:35:00,4502.55,4504.99,4493.28,4496.99,18823.34,1,0
1759506299999,2025-10-03 12:40:00,4496.53,4502.0,4493.69,4499.32,10606.18,0,0
1759506599999,2025-10-03 12:45:00,4499.57,4508.47,4494.77,4503.06,19662.62,0,0
1759506899999,2025-10-03 12:50:00,4502.89,4526.17,4501.86,4525.49,44189.78,0,0
1759507199999,2025-10-03 12:55:00,4525.77,4540.77,4515.94,4532.88,47824.95,0,0
1759507499999,2025-10-03 13:00:00,4533.2,4559.17,4533.19,4538.9,77992.29,0,0
1759507799999,2025-10-03 13:05:00,4538.53,4541.59,4518.03,4540.02,54415.86,0,0
1759508099999,2025-10-03 13:10:00,4538.33,4555.55,4537.41,4540.46,46524.36,1,0
1759508399999,2025-10-03 13:15:00,4539.72,4547.49,4530.27,4533.71,27956.06,0,0
1759508699999,2025-10-03 13:20:00,4533.49,4548.81,4528.03,4537.07,29399.65,0,0
1759508999999,2025-10-03 13:25:00,4537.07,4551.28,4537.07,4546.68,22321.36,0,0
1759509299999,2025-10-03 13:30:00,4546.55,4555.77,4541.49,4554.42,22414.1,0,0
1759521899999,2025-10-03 17:00:00,4517.66,4518.08,4500.83,4503.99,23579.94,0,0
1759522199999,2025-10-03 17:05:00,4504.0,4509.0,4495.0,4496.92,16039.0,0,0
1759522499999,2025-10-03 17:10:00,4495.67,4503.2,4491.37,4502.22,13258.15,0,0
1759522799999,2025-10-03 17:15:00,4502.21,4512.94,4501.68,4512.94,7808.8,0,0
1759523099999,2025-10-03 17:20:00,4512.94,4517.86,4512.57,4514.85,6350.14,1,0
1759523399999,2025-10-03 17:25:00,4514.86,4517.36,4509.69,4515.99,5761.36,0,0
1759523699999,2025-10-03 17:30:00,4516.37,4524.82,4516.37,4520.34,6789.16,1,0
1759523999999,2025-10-03 17:35:00,4520.35,4526.47,4520.35,4524.33,3959.29,0,0
1759524299999,2025-10-03 17:40:00,4524.23,4539.06,4521.7,4537.92,10123.45,0,0
1759524599999,2025-10-03 17:45:00,4539.61,4541.21,4528.46,4529.59,8910.11,0,0
1759524899999,2025-10-03 17:50:00,4529.8,4529.8,4525.56,4527.21,4278.63,0,0
1759525199999,2025-10-03 17:55:00,4527.22,4534.69,4526.8,4531.01,4953.55,0,0
1759525499999,2025-10-03 18:00:00,4533.39,4535.74,4529.25,4534.82,5619.38,0,0
1759525799999,2025-10-03 18:05:00,4534.83,4535.81,4527.09,4527.23,7549.26,0,0
1759526099999,2025-10-03 18:10:00,4527.23,4531.25,4526.19,4531.25,5852.86,0,0
1759526399999,2025-10-03 18:15:00,4531.36,4533.31,4522.99,4522.99,4512.33,0,0
1759526699999,2025-10-03 18:20:00,4522.99,4528.16,4522.01,4525.24,5815.47,0,0
1759526999999,2025-10-03 18:25:00,4524.92,4526.69,4524.37,4526.0,2293.9,0,0
1759527299999,2025-10-03 18:30:00,4526.0,4531.37,4522.25,4522.25,5749.52,0,0
1759527599999,2025-10-03 18:35:00,4522.25,4525.43,4521.21,4523.63,2717.27,0,0
1759527899999,2025-10-03 18:40:00,4523.63,4523.63,4516.38,4521.92,5872.19,0,0
1759528199999,2025-10-03 18:45:00,4521.93,4524.62,4515.0,4515.0,3250.74,0,0
1759528499999,2025-10-03 18:50:00,4515.01,4520.74,4512.22,4520.73,6266.05,0,0
1759528799999,2025-10-03 18:55:00,4520.74,4526.67,4517.26,4521.11,5832.75,0,0
1759529099999,2025-10-03 19:00:00,4521.11,4530.54,4521.1,4529.76,6118.21,0,0
1759529399999,2025-10-03 19:05:00,4529.32,4533.0,4525.08,4531.89,4875.98,0,0
1759529699999,2025-10-03 19:10:00,4531.47,4531.47,4525.82,4528.51,3026.51,0,0
1759529999999,2025-10-03 19:15:00,4528.51,4528.59,4523.02,4525.73,3646.5,0,0
1759530299999,2025-10-03 19:20:00,4525.72,4529.0,4522.49,4526.95,3892.65,0,0
1759530599999,2025-10-03 19:25:00,4526.95,4528.32,4524.16,4524.56,1698.07,0,0
1759530899999,2025-10-03 19:30:00,4524.67,4530.01,4524.03,4529.09,2471.49,0,0
1759531199999,2025-10-03 19:35:00,4529.09,4532.98,4529.09,4532.49,2408.53,0,0
1759531499999,2025-10-03 19:40:00,4531.86,4532.06,4526.65,4526.65,2065.67,0,0
1759531799999,2025-10-03 19:45:00,4527.32,4530.59,4525.46,4530.3,2125.16,0,0
1759532099999,2025-10-03 19:50:00,4530.29,4530.65,4524.76,4524.76,2065.52,0,0
1759532399999,2025-10-03 19:55:00,4524.76,4526.69,4523.33,4526.69,2141.96,0,0
1759532699999,2025-10-03 20:00:00,4526.41,4527.27,4520.72,4520.72,3133.73,0,0
1759532999999,2025-10-03 20:05:00,4520.54,4520.85,4518.11,4518.13,3623.66,0,0
1759533299999,2025-10-03 20:10:00,4518.12,4518.12,4514.0,4515.79,4353.86,0,0
1759533599999,2025-10-03 20:15:00,4515.79,4519.58,4515.27,4519.26,5624.34,0,0
1759533899999,2025-10-03 20:20:00,4519.26,4521.98,4515.85,4517.37,3447.54,0,0
1759534199999,2025-10-03 20:25:00,4516.87,4517.41,4513.17,4514.71,2624.42,0,0
1759534499999,2025-10-03 20:30:00,4514.7,4515.85,4505.01,4515.84,12357.55,0,0
1759534799999,2025-10-03 20:35:00,4515.84,4521.5,4515.84,4521.5,3696.73,1,0
1759535099999,2025-10-03 20:40:00,4521.5,4521.84,4515.36,4515.88,3156.88,0,0
1759535399999,2025-10-03 20:45:00,4515.88,4518.23,4512.03,4512.03,2374.27,0,0
1759535699999,2025-10-03 20:50:00,4512.03,4517.55,4510.83,4513.59,5016.36,0,0
1759535999999,2025-10-03 20:55:00,4513.59,4513.6,4509.1,4510.73,3663.74,0,0
1759536299999,2025-10-03 21:00:00,4511.12,4511.65,4499.23,4506.33,19660.79,0,0
1759536599999,2025-10-03 21:05:00,4504.79,4515.4,4504.79,4512.96,6888.33,0,0
1759536899999,2025-10-03 21:10:00,4512.97,4515.48,4507.29,4507.29,3760.02,0,0
1759537199999,2025-10-03 21:15:00,4507.29,4509.15,4505.81,4507.97,4174.59,0,0
1759537499999,2025-10-03 21:20:00,4507.56,4508.7,4505.46,4508.68,2900.19,0,0
1759537799999,2025-10-03 21:25:00,4508.58,4508.58,4495.25,4495.73,12835.43,0,0
1759538099999,2025-10-03 21:30:00,4495.72,4501.13,4493.42,4495.38,8585.8,0,0
1759538399999,2025-10-03 21:35:00,4495.49,4499.6,4493.61,4493.62,5997.67,0,0
1759538699999,2025-10-03 21:40:00,4493.98,4503.68,4493.05,4497.42,8906.22,0,0
1759538999999,2025-10-03 21:45:00,4497.42,4501.92,4495.0,4495.26,5020.31,0,0
1759539299999,2025-10-03 21:50:00,4495.5,4499.23,4494.93,4497.58,2879.95,0,0
1759539599999,2025-10-03 21:55:00,4497.57,4500.0,4495.26,4499.67,2737.29,0,0
1759539899999,2025-10-03 22:00:00,4500.0,4500.77,4495.08,4495.36,3306.53,0,0
1759540199999,2025-10-03 22:05:00,4495.36,4496.85,4492.08,4494.88,4753.64,0,0
1759540499999,2025-10-03 22:10:00,4494.88,4495.0,4486.35,4490.19,13295.27,0,0
1759540799999,2025-10-03 22:15:00,4490.27,4492.72,4486.45,4491.24,5359.19,0,0
1759541099999,2025-10-03 22:20:00,4491.0,4492.3,4487.1,4487.49,5799.91,0,0
1759541399999,2025-10-03 22:25:00,4487.99,4489.59,4484.99,4485.4,5870.32,0,1
1759541699999,2025-10-03 22:30:00,4485.4,4491.09,4481.55,4487.91,8102.19,0,0
1759541999999,2025-10-03 22:35:00,4487.9,4487.9,4480.74,4484.0,9072.49,0,0
1759542299999,2025-10-03 22:40:00,4483.83,4484.72,4481.62,4482.18,3893.73,0,0
1759542599999,2025-10-03 22:45:00,4482.19,4483.0,4470.21,4473.0,20964.81,0,0
1759542899999,2025-10-03 22:50:00,4468.25,4474.14,4468.25,4470.72,13248.16,0,0
1759543199999,2025-10-03 22:55:00,4470.71,4478.34,4466.0,4478.27,16362.42,0,0
1759543499999,2025-10-03 23:00:00,4478.27,4486.55,4477.33,4484.79,10279.88,0,0
1759543799999,2025-10-03 23:05:00,4484.79,4488.0,4477.52,4477.52,7773.59,0,0
1759544099999,2025-10-03 23:10:00,4477.53,4480.63,4468.38,4469.41,9392.68,0,0
1759544399999,2025-10-03 23:15:00,4472.01,4472.35,4460.0,4467.42,21720.74,0,0
1759544699999,2025-10-03 23:20:00,4467.76,4474.81,4466.68,4469.52,10530.16,1,0
1759544999999,2025-10-03 23:25:00,4469.52,4478.28,4468.92,4477.35,8817.95,0,0
1759545299999,2025-10-03 23:30:00,4476.68,4478.02,4473.0,4477.64,6169.26,0,0
1759545599999,2025-10-03 23:35:00,4477.64,4479.44,4474.72,4477.16,3975.43,0,0
1759545899999,2025-10-03 23:40:00,4477.16,4480.7,4476.06,4478.35,3932.36,0,0
1759546199999,2025-10-03 23:45:00,4478.35,4482.34,4475.62,4481.14,4878.69,0,0
1759546499999,2025-10-03 23:50:00,4481.13,4487.23,4480.3,4487.23,7657.04,0,0
1759546799999,2025-10-03 23:55:00,4487.0,4487.28,4480.84,4481.99,4183.17,0,0
1759547099999,2025-10-04 00:00:00,4482.66,4485.84,4475.55,4477.2,5980.48,0,0
1759547399999,2025-10-04 00:05:00,4477.2,4477.86,4471.22,4473.69,7962.32,0,0
1759547699999,2025-10-04 00:10:00,4473.69,4474.15,4467.99,4472.12,6655.23,0,0
1759547999999,2025-10-04 00:15:00,4472.12,4478.53,4470.51,4477.85,6496.75,0,0
1759548299999,2025-10-04 00:20:00,4477.86,4481.13,4476.71,4479.82,4461.53,0,0
1759548599999,2025-10-04 00:25:00,4479.83,4481.05,4478.85,4480.53,2767.32,0,0
1759548899999,2025-10-04 00:30:00,4480.54,4484.5,4478.81,4483.5,4029.91,0,0
1759549199999,2025-10-04 00:35:00,4483.49,4484.21,4479.24,4479.24,2472.43,0,0
1759549499999,2025-10-04 00:40:00,4479.7,4481.87,4479.23,4480.51,2391.82,0,0
1759549799999,2025-10-04 00:45:00,4480.51,4485.69,4476.15,4478.07,8090.88,0,0
1759550099999,2025-10-04 00:50:00,4478.08,4483.73,4478.07,4483.68,2768.88,0,0
1759550399999,2025-10-04 00:55:00,4484.0,4486.59,4482.36,4484.47,4441.04,0,0
1759550699999,2025-10-04 01:00:00,4484.48,4487.75,4483.44,4485.42,3926.14,0,0
1759550999999,2025-10-04 01:05:00,4485.01,4489.5,4484.8,4488.08,4626.41,0,0
1759551299999,2025-10-04 01:10:00,4488.08,4488.57,4486.13,4486.13,2532.17,0,0
1759551599999,2025-10-04 01:15:00,4487.19,4487.56,4481.0,4483.07,4239.13,0,0
1759551899999,2025-10-04 01:20:00,4483.45,4483.59,4480.84,4481.99,2979.66,0,0
1759552199999,2025-10-04 01:25:00,4481.99,4483.44,4478.52,4478.52,3041.46,0,0
1759552499999,2025-10-04 01:30:00,4478.52,4481.98,4477.07,4480.66,2974.06,0,0
1759552799999,2025-10-04 01:35:00,4480.65,4483.88,4479.55,4481.4,2523.84,0,0
1759553099999,2025-10-04 01:40:00,4481.18,4493.97,4481.17,4491.08,9175.62,0,0
1759553399999,2025-10-04 01:45:00,4492.13,4497.39,4491.9,4493.38,9921.43,0,0
1759553699999,2025-10-04 01:50:00,4493.39,4494.92,4490.41,4490.41,3668.84,0,0
1759553999999,2025-10-04 01:55:00,4490.0,4490.75,4488.12,4490.68,3026.64,0,0
1759554299999,2025-10-04 02:00:00,4491.62,4497.93,4490.0,4496.79,7790.38,0,0
1759554599999,2025-10-04 02:05:00,4496.64,4502.53,4494.51,4502.39,10678.29,0,0
1759554899999,2025-10-04 02:10:00,4502.48,4502.91,4499.26,4502.91,7414.02,0,0
1759555199999,2025-10-04 02:15:00,4502.91,4502.91,4497.99,4500.42,4766.12,0,0
1759555499999,2025-10-04 02:20:00,4500.42,4503.4,4499.61,4502.32,4682.41,0,0
1759555799999,2025-10-04 02:25:00,4502.32,4508.91,4497.66,4498.57,12528.37,0,0
1759556099999,2025-10-04 02:30:00,4498.58,4499.52,4494.34,4497.12,4909.96,0,0
1759556399999,2025-10-04 02:35:00,4497.11,4499.4,4495.04,4495.06,4054.05,0,0
1759556699999,2025-10-04 02:40:00,4495.42,4499.02,4494.24,4494.96,10215.24,0,0
1759556999999,2025-10-04 02:45:00,4494.62,4497.57,4492.97,4497.57,5348.06,0,0
1759557299999,2025-10-04 02:50:00,4497.15,4501.41,4497.15,4501.3,4728.94,0,0
1759557599999,2025-10-04 02:55:00,4501.3,4502.21,4499.82,4501.61,2906.51,0,0
1759557899999,2025-10-04 03:00:00,4501.6,4508.33,4500.18,4507.34,6469.91,0,0
1759558199999,2025-10-04 03:05:00,4507.8,4508.8,4501.64,4504.04,4720.6,0,0
1759558499999,2025-10-04 03:10:00,4504.04,4507.79,4504.04,4506.11,3082.32,0,0
1759558799999,2025-10-04 03:15:00,4506.11,4514.66,4505.76,4513.33,10938.98,0,0
1759559099999,2025-10-04 03:20:00,4514.11,4515.8,4511.5,4511.55,7380.11,0,0
1759559399999,2025-10-04 03:25:00,4511.55,4511.55,4508.5,4508.51,4070.85,0,0
1759559699999,2025-10-04 03:30:00,4508.51,4510.75,4507.38,4507.72,4867.99,0,0
1759559999999,2025-10-04 03:35:00,4507.73,4512.0,4505.37,4511.85,6993.21,0,0
1759560299999,2025-10-04 03:40:00,4511.84,4515.65,4505.94,4507.77,6645.31,0,0
1759560599999,2025-10-04 03:45:00,4507.78,4511.16,4506.59,4509.0,2877.61,0,0
1759560899999,2025-10-04 03:50:00,4508.99,4509.0,4503.12,4503.58,5396.59,0,1
1759561199999,2025-10-04 03:55:00,4502.77,4506.0,4502.76,4504.99,2748.24,0,0
1759561499999,2025-10-04 04:00:00,4504.99,4511.73,4503.97,4511.27,3565.85,0,0
1759561799999,2025-10-04 04:05:00,4511.27,4512.6,4507.52,4508.06,4049.34,0,0
1759562099999,2025-10-04 04:10:00,4508.07,4510.04,4503.9,4503.9,6047.07,0,0
1759562399999,2025-10-04 04:15:00,4503.91,4504.37,4497.38,4500.76,10158.52,0,0
1759562699999,2025-10-04 04:20:00,4500.77,4501.13,4498.85,4500.68,6461.45,0,0
1759562999999,2025-10-04 04:25:00,4500.6,4503.06,4497.65,4498.11,7032.39,0,0
1759563299999,2025-10-04 04:30:00,4498.12,4501.84,4497.45,4500.95,7198.71,0,0
1759563599999,2025-10-04 04:35:00,4500.96,4504.65,4497.45,4501.59,5846.69,0,0
1759563899999,2025-10-04 04:40:00,4501.88,4503.37,4500.57,4501.93,3498.28,0,0
1759564199999,2025-10-04 04:45:00,4501.93,4501.94,4496.0,4496.01,3042.98,0,0
1759564499999,2025-10-04 04:50:00,4496.0,4496.44,4493.05,4493.69,8241.95,0,0
1759564799999,2025-10-04 04:55:00,4493.7,4497.45,4491.68,4496.23,6031.09,0,0
1759565099999,2025-10-04 05:00:00,4496.24,4499.32,4496.23,4499.32,6321.37,0,0
1759565399999,2025-10-04 05:05:00,4499.38,4501.11,4495.76,4496.84,4376.33,0,0
1759565699999,2025-10-04 05:10:00,4496.84,4501.09,4496.12,4497.68,6597.39,0,0
1759565999999,2025-10-04 05:15:00,4497.68,4497.68,4490.18,4491.09,6219.57,0,0
1759566299999,2025-10-04 05:20:00,4490.95,4493.93,4490.83,4492.21,6206.2,0,0
1759566599999,2025-10-04 05:25:00,4492.2,4494.98,4490.7,4491.99,4085.78,0,0
1759566899999,2025-10-04 05:30:00,4492.0,4492.0,4486.5,4489.56,11252.77,0,0
1759567199999,2025-10-04 05:35:00,4490.02,4490.52,4485.63,4485.64,6955.1,0,0
1759567499999,2025-10-04 05:40:00,4485.72,4487.0,4480.2,4486.01,13889.25,0,0
1759567799999,2025-10-04 05:45:00,4486.01,4489.93,4482.16,4487.7,7719.03,0,0
1759568099999,2025-10-04 05:50:00,4487.69,4488.8,4484.12,4488.8,4362.42,0,0
1759568399999,2025-10-04 05:55:00,4488.65,4490.5,4486.36,4487.28,4763.15,0,0
1759568699999,2025-10-04 06:00:00,4487.29,4488.4,4480.94,4488.4,6271.71,0,0
1759568999999,2025-10-04 06:05:00,4488.39,4493.06,4488.39,4492.0,5353.59,0,0
1759569299999,2025-10-04 06:10:00,4492.01,4495.91,4491.29,4494.21,5634.19,0,0
1759569599999,2025-10-04 06:15:00,4494.2,4501.21,4494.12,4494.13,8049.35,0,0
1759569899999,2025-10-04 06:20:00,4494.44,4494.6,4492.62,4494.59,1923.89,0,0
1759570199999,2025-10-04 06:25:00,4494.59,4494.6,4492.61,4493.71,1849.25,0,0
1759570499999,2025-10-04 06:30:00,4493.72,4493.72,4490.37,4491.99,2922.99,0,0
1759570799999,2025-10-04 06:35:00,4491.99,4494.0,4490.89,4493.99,1799.53,0,0
1759571099999,2025-10-04 06:40:00,4494.0,4497.01,4493.42,4496.44,7184.35,0,0
1759571399999,2025-10-04 06:45:00,4496.27,4498.33,4491.44,4492.16,5557.33,0,0
1759571699999,2025-10-04 06:50:00,4492.16,4492.17,4485.1,4485.79,6838.77,0,0
1759571999999,2025-10-04 06:55:00,4485.85,4488.97,4484.85,4487.62,3266.98,0,0
1759572299999,2025-10-04 07:00:00,4487.63,4496.0,4486.12,4495.66,7185.0,0,0
1759572599999,2025-10-04 07:05:00,4495.67,4497.72,4494.51,4494.51,2924.34,0,0
1759572899999,2025-10-04 07:10:00,4494.51,4494.52,4492.0,4493.77,3976.3,0,0
1759573199999,2025-10-04 07:15:00,4493.76,4495.59,4492.39,4493.2,1947.09,0,0
1759573499999,2025-10-04 07:20:00,4493.2,4499.45,4493.2,4499.45,2545.3,0,0
1759573799999,2025-10-04 07:25:00,4499.44,4502.45,4499.44,4500.68,4332.48,0,0
1759574099999,2025-10-04 07:30:00,4500.68,4501.84,4496.12,4496.5,3844.28,0,0
1759574399999,2025-10-04 07:35:00,4496.49,4496.5,4485.65,4490.54,7176.01,0,0
1759574699999,2025-10-04 07:40:00,4490.54,4490.54,4483.32,4486.0,7849.93,0,0
1759574999999,2025-10-04 07:45:00,4486.0,4488.54,4483.85,4483.85,4330.62,0,0
1759575299999,2025-10-04 07:50:00,4483.85,4484.19,4481.1,4482.72,7714.44,0,0
1759575599999,2025-10-04 07:55:00,4482.47,4486.26,4481.76,4485.76,4811.31,0,0
1759575899999,2025-10-04 08:00:00,4485.73,4493.48,4483.07,4493.48,4620.56,0,0
1759576199999,2025-10-04 08:05:00,4492.99,4493.33,4486.36,4486.36,4434.1,0,0
1759576499999,2025-10-04 08:10:00,4486.36,4488.0,4483.0,4483.65,3514.8,0,0
1759576799999,2025-10-04 08:15:00,4483.64,4487.0,4481.25,4486.59,4038.21,0,0
1759577099999,2025-10-04 08:20:00,4486.69,4486.69,4485.18,4486.0,1550.49,0,0
1759577399999,2025-10-04 08:25:00,4486.01,4490.82,4485.71,4489.79,2599.66,0,0
1759577699999,2025-10-04 08:30:00,4489.79,4493.66,4489.17,4493.0,2815.99,0,0
1759577999999,2025-10-04 08:35:00,4492.36,4492.69,4486.39,4486.39,2693.06,0,0
1759578299999,2025-10-04 08:40:00,4486.07,4488.6,4485.0,4486.94,1807.55,0,0
1759578599999,2025-10-04 08:45:00,4486.95,4488.86,4485.6,4486.87,2403.53,0,0
1759578899999,2025-10-04 08:50:00,4486.92,4489.41,4481.89,4482.63,4076.54,0,0
1759579199999,2025-10-04 08:55:00,4482.62,4483.74,4478.01,4482.42,8131.16,0,0
1759579499999,2025-10-04 09:00:00,4482.42,4485.31,4478.12,4482.8,5662.06,0,0
1759579799999,2025-10-04 09:05:00,4482.8,4483.57,4473.91,4478.57,8950.09,0,0
1759580099999,2025-10-04 09:10:00,4478.57,4487.41,4477.86,4486.1,6768.06,0,0
1759580399999,2025-10-04 09:15:00,4486.1,4487.52,4482.27,4482.28,3618.31,0,0
1759580699999,2025-10-04 09:20:00,4482.27,4485.0,4480.76,4482.77,4631.37,0,0
1759580999999,2025-10-04 09:25:00,4482.77,4483.22,4480.77,4481.79,2020.32,0,0
1759581299999,2025-10-04 09:30:00,4481.6,4486.36,4480.0,4484.3,4765.19,0,0
1759581599999,2025-10-04 09:35:00,4484.14,4486.37,4483.13,4485.91,4822.8,0,0
1759581899999,2025-10-04 09:40:00,4485.91,4487.42,4484.26,4484.7,2085.3,0,0
1759582199999,2025-10-04 09:45:00,4484.7,4484.99,4480.0,4481.32,3579.15,0,0
1759582499999,2025-10-04 09:50:00,4481.32,4483.46,4478.0,4479.39,4863.24,0,0
1759582799999,2025-10-04 09:55:00,4479.39,4481.12,4477.08,4478.0,5831.18,0,0
1759583099999,2025-10-04 10:00:00,4478.05,4497.21,4477.03,4496.88,12963.02,0,0
1759583399999,2025-10-04 10:05:00,4495.18,4507.66,4494.47,4503.63,23444.1,0,0
1759583699999,2025-10-04 10:10:00,4504.31,4505.36,4497.62,4497.74,9553.88,0,0
1759584599999,2025-10-04 10:25:00,4497.0,4498.0,4494.02,4495.98,4990.28,0,0
1759584899999,2025-10-04 10:30:00,4495.99,4501.27,4495.47,4499.91,4836.87,0,0
1759585199999,2025-10-04 10:35:00,4499.84,4502.96,4499.61,4500.83,3172.1,0,0
1759585499999,2025-10-04 10:40:00,4500.83,4502.03,4498.71,4499.0,3274.29,0,0
1759585799999,2025-10-04 10:45:00,4499.01,4504.0,4498.95,4499.8,7756.44,0,0
1759585979999,2025-10-04 10:52:00,4498.1,4498.11,4497.68,4497.99,275.01,0,0
1759586039999,2025-10-04 10:53:00,4497.99,4498.0,4494.0,4496.0,982.45,0,0
1759586099999,2025-10-04 10:54:00,4497.0,4497.0,4496.06,4496.09,450.76,0,0
1759586159999,2025-10-04 10:55:00,4496.09,4497.5,4496.0,4497.49,555.3,0,0
1759586219999,2025-10-04 10:56:00,4497.74,4497.75,4495.67,4495.93,414.36,0,0
1759586279999,2025-10-04 10:57:00,4496.4,4496.4,4495.0,4495.26,581.3,0,0
1759586339999,2025-10-04 10:58:00,4495.0,4497.45,4495.0,4497.45,423.74,0,0
1759586399999,2025-10-04 10:59:00,4497.46,4497.94,4497.46,4497.86,260.12,0,0
1759586459999,2025-10-04 11:00:00,4497.86,4497.86,4495.47,4495.47,412.07,0,0
1759586519999,2025-10-04 11:01:00,4495.18,4495.96,4493.83,4493.98,1018.82,0,0
1759586579999,2025-10-04 11:02:00,4493.98,4496.06,4493.68,4496.06,1172.34,0,0
1759586639999,2025-10-04 11:03:00,4496.41,4497.46,4496.41,4497.04,345.07,0,0
1759586699999,2025-10-04 11:04:00,4500.3,4500.3,4496.15,4496.15,653.88,0,0
1759586759999,2025-10-04 11:05:00,4496.08,4497.09,4494.45,4494.46,797.47,0,1
1759586819999,2025-10-04 11:06:00,4494.3,4496.62,4492.85,4496.18,1241.16,0,0
1759586879999,2025-10-04 11:07:00,4496.17,4497.48,4495.25,4495.75,629.65,0,0
1759586939999,2025-10-04 11:08:00,4495.75,4495.76,4493.79,4493.79,623.38,0,0
1759586999999,2025-10-04 11:09:00,4494.67,4498.65,4494.66,4497.04,804.25,0,0
1759587059999,2025-10-04 11:10:00,4497.04,4498.34,4496.57,4498.2,1419.27,0,0
1759587119999,2025-10-04 11:11:00,4498.2,4498.88,4496.39,4498.2,1100.84,0,0
1759587179999,2025-10-04 11:12:00,4498.59,4504.0,4497.75,4502.91,5115.11,0,0
1759587239999,2025-10-04 11:13:00,4502.58,4503.92,4501.9,4503.27,1999.44,0,0
1759587299999,2025-10-04 11:14:00,4503.28,4506.63,4503.28,4505.55,5365.07,0,0
1759587359999,2025-10-04 11:15:00,4505.56,4507.41,4503.98,4507.33,2281.67,0,0
1759587419999,2025-10-04 11:16:00,4507.21,4509.89,4507.2,4507.81,3048.75,1,0
1759587479999,2025-10-04 11:17:00,4507.81,4508.53,4506.82,4507.26,1503.93,0,0
1759587539999,2025-10-04 11:18:00,4507.27,4507.75,4504.66,4504.99,1292.77,0,0
1759587599999,2025-10-04 11:19:00,4505.0,4505.0,4502.63,4504.66,827.24,0,0
1759587659999,2025-10-04 11:20:00,4504.66,4504.67,4501.67,4501.84,1063.16,0,0
1759587719999,2025-10-04 11:21:00,4501.84,4502.41,4501.15,4502.4,508.9,0,0
1759587779999,2025-10-04 11:22:00,4502.71,4503.95,4501.6,4502.12,1219.77,0,0
1759587839999,2025-10-04 11:23:00,4502.12,4502.12,4500.41,4501.59,554.78,0,0
1759587899999,2025-10-04 11:24:00,4501.6,4502.69,4501.59,4502.09,448.71,0,0
1759587959999,2025-10-04 11:25:00,4502.09,4502.1,4498.1,4498.56,2231.8,0,0
1759588019999,2025-10-04 11:26:00,4498.61,4498.8,4498.2,4498.79,377.08,0,1
1759588079999,2025-10-04 11:27:00,4498.79,4499.99,4498.25,4499.79,431.39,0,0
1759588139999,2025-10-04 11:28:00,4499.2,4500.0,4498.8,4499.28,425.23,0,0
1759588199999,2025-10-04 11:29:00,4499.28,4499.86,4499.0,4499.86,176.71,0,0
1759588259999,2025-10-04 11:30:00,4499.86,4500.86,4499.86,4499.99,524.43,0,0
1759588319999,2025-10-04 11:31:00,4499.52,4499.85,4498.29,4498.77,660.51,0,0
1759588379999,2025-10-04 11:32:00,4498.76,4498.77,4496.99,4498.49,668.09,0,0
1759588439999,2025-10-04 11:33:00,4498.48,4499.29,4497.69,4499.28,504.44,0,0
1759588499999,2025-10-04 11:34:00,4499.28,4501.57,4499.08,4500.42,708.54,0,0
1759588559999,2025-10-04 11:35:00,4499.95,4500.0,4499.8,4499.99,202.65,0,0
1759588619999,2025-10-04 11:36:00,4500.49,4501.43,4499.9,4500.5,576.43,0,0
1759588679999,2025-10-04 11:37:00,4500.51,4500.81,4500.34,4500.35,184.51,0,0
1759588739999,2025-10-04 11:38:00,4500.35,4502.42,4498.9,4502.41,802.36,0,0
1759588799999,2025-10-04 11:39:00,4502.02,4502.49,4500.95,4502.49,953.98,0,0
1759588859999,2025-10-04 11:40:00,4502.49,4503.0,4502.48,4502.71,459.53,0,0
1759588919999,2025-10-04 11:41:00,4502.71,4502.72,4501.13,4501.5,957.41,0,0
1759588979999,2025-10-04 11:42:00,4501.5,4502.98,4501.49,4502.29,755.98,0,0
1759589039999,2025-10-04 11:43:00,4502.22,4502.23,4497.84,4497.84,540.33,0,0
1759589099999,2025-10-04 11:44:00,4497.85,4498.0,4496.43,4496.44,529.61,0,0
1759589159999,2025-10-04 11:45:00,4496.06,4496.81,4496.06,4496.8,445.53,0,0
1759589219999,2025-10-04 11:46:00,4496.79,4497.83,4494.46,4495.47,1522.51,0,0
1759589279999,2025-10-04 11:47:00,4495.47,4495.48,4493.94,4493.94,781.0,0,0
1759589339999,2025-10-04 11:48:00,4493.6,4494.39,4491.99,4493.31,2310.78,0,0
1759589399999,2025-10-04 11:49:00,4493.39,4493.4,4490.07,4490.07,3580.67,0,0
1759589459999,2025-10-04 11:50:00,4490.07,4490.08,4479.0,4480.05,14803.73,0,0
1759589519999,2025-10-04 11:51:00,4480.4,4480.71,4476.33,4479.84,5629.83,0,1
1759589579999,2025-10-04 11:52:00,4479.53,4479.7,4477.67,4478.73,3885.87,0,0
1759589639999,2025-10-04 11:53:00,4478.86,4481.22,4478.01,4478.1,3346.65,0,0
1759589699999,2025-10-04 11:54:00,4478.11,4478.91,4472.12,4475.49,9232.43,0,0
1759589759999,2025-10-04 11:55:00,4476.66,4477.79,4474.78,4474.78,2630.53,1,0
1759589819999,2025-10-04 11:56:00,4474.0,4475.32,4473.0,4475.31,3172.1,0,0
1759589879999,2025-10-04 11:57:00,4475.77,4475.77,4474.23,4474.88,1573.34,1,0
1759589939999,2025-10-04 11:58:00,4474.87,4475.65,4472.0,4474.59,5211.03,0,0
1759589999999,2025-10-04 11:59:00,4474.58,4474.58,4467.02,4467.36,7697.86,0,0
1759590059999,2025-10-04 12:00:00,4468.26,4475.01,4465.0,4474.69,8912.34,0,0
1759590119999,2025-10-04 12:01:00,4475.3,4481.49,4474.68,4478.82,11529.2,1,0
1759590179999,2025-10-04 12:02:00,4476.55,4477.84,4470.61,4474.93,4574.27,0,0
1759590239999,2025-10-04 12:03:00,4475.03,4478.45,4473.34,4475.81,1719.88,0,0
1759590299999,2025-10-04 12:04:00,4475.81,4479.06,4474.33,4475.83,2775.61,0,0
1759590599999,2025-10-04 12:05:00,4475.82,4479.35,4467.87,4472.63,11307.29,0,0
1759590899999,2025-10-04 12:10:00,4472.41,4474.3,4463.0,4463.0,14542.46,0,0
1759591199999,2025-10-04 12:15:00,4462.65,4469.55,4460.57,4465.41,19539.54,0,0
1759591499999,2025-10-04 12:20:00,4465.01,4465.35,4452.0,4454.24,38749.49,0,0
1759591799999,2025-10-04 12:25:00,4454.36,4457.93,4446.02,4450.37,31563.26,0,0
1759592099999,2025-10-04 12:30:00,4451.04,4455.51,4438.8,4447.64,57706.77,0,0
1759592399999,2025-10-04 12:35:00,4447.65,4453.27,4443.88,4447.95,27151.56,0,0
1759592699999,2025-10-04 12:40:00,4448.07,4458.18,4448.06,4456.65,17709.6,0,0
1759592999999,2025-10-04 12:45:00,4456.13,4464.72,4455.88,4462.9,15994.24,0,0
1759593299999,2025-10-04 12:50:00,4462.91,4463.28,4457.51,4458.58,6040.48,0,0
1759593599999,2025-10-04 12:55:00,4458.59,4458.62,4450.21,4452.22,10722.25,0,0
1759593899999,2025-10-04 13:00:00,4453.14,4461.0,4453.14,4456.02,8403.36,0,0
1759594199999,2025-10-04 13:05:00,4455.0,4457.79,4445.94,4449.21,8927.2,0,0
1759594499999,2025-10-04 13:10:00,4449.21,4456.98,4446.93,4447.97,10850.31,0,0
1759594799999,2025-10-04 13:15:00,4449.94,4451.85,4443.62,4444.52,12641.58,0,0
1759595099999,2025-10-04 13:20:00,4444.52,4447.4,4438.0,4443.36,24586.27,0,0
1759595399999,2025-10-04 13:25:00,4443.37,4451.42,4440.03,4451.42,8250.28,0,0
1759595699999,2025-10-04 13:30:00,4451.43,4461.73,4451.2,4461.0,18791.83,0,0
1759595999999,2025-10-04 13:35:00,4461.01,4464.86,4456.1,4461.67,8280.68,0,0
1759596299999,2025-10-04 13:40:00,4462.62,4466.0,4460.55,4463.43,9070.4,0,0
1759596599999,2025-10-04 13:45:00,4463.44,4464.64,4457.81,4457.98,5751.04,0,0
1759596899999,2025-10-04 13:50:00,4457.89,4460.0,4455.31,4459.99,5215.26,0,0
1759597199999,2025-10-04 13:55:00,4461.0,4466.06,4457.83,4465.2,6447.31,0,0
1759597499999,2025-10-04 14:00:00,4465.2,4471.6,4461.19,4470.01,11450.31,0,0
1759597799999,2025-10-04 14:05:00,4470.01,4473.69,4469.1,4470.83,5210.37,0,0
1759598099999,2025-10-04 14:10:00,4470.83,4470.84,4464.58,4464.77,4984.68,0,0
1759598399999,2025-10-04 14:15:00,4464.78,4467.05,4462.69,4463.6,4757.23,0,0
1759598699999,2025-10-04 14:20:00,4463.61,4467.42,4463.6,4467.34,2439.68,0,0
1759598999999,2025-10-04 14:25:00,4467.33,4471.19,4467.33,4471.18,3153.15,0,0
1759599299999,2025-10-04 14:30:00,4471.08,4475.04,4463.61,4464.43,15073.03,0,0
1759599599999,2025-10-04 14:35:00,4464.43,4464.5,4459.5,4462.97,5558.06,0,0
1759599899999,2025-10-04 14:40:00,4462.97,4462.98,4450.89,4455.41,12044.14,0,0
1759600199999,2025-10-04 14:45:00,4455.4,4458.68,4452.29,4454.24,4982.82,0,0
1759600499999,2025-10-04 14:50:00,4454.23,4459.32,4453.07,4459.29,3702.49,0,0
1759600799999,2025-10-04 14:55:00,4459.29,4463.16,4458.0,4462.19,2722.37,0,0
1759601099999,2025-10-04 15:00:00,4462.19,4465.26,4459.54,4463.97,4278.29,0,0
1759601399999,2025-10-04 15:05:00,4463.97,4465.77,4462.27,4462.63,1995.12,0,0
1759601699999,2025-10-04 15:10:00,4462.63,4464.57,4461.5,4463.0,3351.94,0,0
1759601999999,2025-10-04 15:15:00,4463.0,4464.81,4450.16,4454.03,11712.43,0,0
1759602299999,2025-10-04 15:20:00,4454.03,4458.32,4453.57,4458.31,3367.35,0,0
1759602599999,2025-10-04 15:25:00,4458.31,4458.65,4457.24,4458.52,1340.84,0,0
1759602899999,2025-10-04 15:30:00,4458.52,4459.31,4456.77,4458.16,1602.84,0,0
1759603199999,2025-10-04 15:35:00,4458.16,4458.17,4452.0,4453.05,5685.88,0,0
1759603499999,2025-10-04 15:40:00,4453.06,4454.01,4451.0,4452.49,2970.53,0,0
1759603799999,2025-10-04 15:45:00,4452.5,4453.1,4449.31,4452.26,4685.2,0,0
1759604099999,2025-10-04 15:50:00,4452.25,4454.54,4450.17,4450.17,1793.29,0,0
1759604399999,2025-10-04 15:55:00,4450.18,4453.37,4448.55,4453.37,3657.48,0,0
1759604699999,2025-10-04 16:00:00,4453.36,4456.33,4453.36,4455.56,2789.28,0,0
1759604999999,2025-10-04 16:05:00,4455.57,4456.33,4453.36,4455.58,2242.91,0,0
1759605299999,2025-10-04 16:10:00,4455.58,4461.26,4455.04,4460.55,5101.4,0,0
1759605599999,2025-10-04 16:15:00,4460.56,4460.56,4457.43,4457.43,1462.54,0,0
1759605899999,2025-10-04 16:20:00,4457.43,4463.18,4456.96,4463.05,3880.12,0,0
1759606199999,2025-10-04 16:25:00,4463.05,4466.41,4463.04,4464.25,2122.61,0,0
1759606499999,2025-10-04 16:30:00,4464.21,4466.76,4463.34,4466.17,2746.04,0,0
1759606799999,2025-10-04 16:35:00,4465.82,4466.31,4463.04,4466.3,1855.01,0,0
1759607099999,2025-10-04 16:40:00,4466.31,4467.0,4462.52,4462.52,3441.48,0,0
1759607399999,2025-10-04 16:45:00,4462.53,4464.3,4462.0,4464.3,1002.38,0,0
1759607699999,2025-10-04 16:50:00,4464.3,4465.49,4463.99,4464.57,2015.24,0,0
1759607999999,2025-10-04 16:55:00,4464.57,4465.78,4464.24,4465.39,1259.9,0,0
1759608299999,2025-10-04 17:00:00,4465.4,4473.64,4465.4,4467.3,5892.75,0,0
1759608599999,2025-10-04 17:05:00,4467.68,4472.44,4466.88,4469.75,2828.28,0,0
1759608899999,2025-10-04 17:10:00,4469.75,4473.18,4469.74,4472.93,3161.72,0,0
1759609199999,2025-10-04 17:15:00,4472.94,4476.99,4472.75,4475.38,5857.76,0,0
1759609499999,2025-10-04 17:20:00,4475.38,4483.6,4475.38,4482.56,7980.06,0,0
1759609799999,2025-10-04 17:25:00,4482.08,4483.5,4481.86,4482.67,4705.34,0,0
1759610099999,2025-10-04 17:30:00,4482.67,4483.82,4478.43,4479.69,5184.27,0,0
1759610399999,2025-10-04 17:35:00,4479.69,4481.77,4478.04,4479.84,3414.48,0,0
1759610699999,2025-10-04 17:40:00,4479.84,4481.01,4479.15,4480.76,1825.87,0,0
1759610999999,2025-10-04 17:45:00,4481.24,4482.0,4476.59,4477.69,2699.39,0,0
1759611299999,2025-10-04 17:50:00,4477.69,4477.7,4470.71,4474.12,6687.35,0,0
1759611599999,2025-10-04 17:55:00,4474.11,4474.95,4472.11,4473.0,1389.07,0,0
1759611899999,2025-10-04 18:00:00,4473.0,4479.0,4473.0,4479.0,1915.38,0,0
1759612199999,2025-10-04 18:05:00,4478.99,4480.51,4478.6,4480.5,2109.03,0,0
1759612499999,2025-10-04 18:10:00,4480.5,4488.0,4479.81,4487.1,8065.46,0,0
1759612799999,2025-10-04 18:15:00,4487.1,4491.12,4482.16,4489.78,10165.74,0,0
1759613099999,2025-10-04 18:20:00,4489.78,4490.68,4487.0,4490.67,3359.89,0,0
1759613399999,2025-10-04 18:25:00,4490.67,4492.42,4490.21,4491.95,2966.51,0,0
1759613699999,2025-10-04 18:30:00,4491.95,4491.96,4486.37,4487.8,4648.38,0,0
1759613999999,2025-10-04 18:35:00,4487.79,4487.8,4481.2,4484.09,4970.21,0,0
1759614299999,2025-10-04 18:40:00,4484.09,4489.05,4484.09,4488.55,4855.33,0,0
1759614599999,2025-10-04 18:45:00,4488.56,4489.22,4477.56,4482.8,4862.59,0,0
1759614899999,2025-10-04 18:50:00,4482.79,4484.18,4480.5,4482.98,2705.66,0,0
1759615199999,2025-10-04 18:55:00,4482.97,4482.98,4482.01,4482.49,795.92,0,0
1759615499999,2025-10-04 19:00:00,4482.5,4487.38,4482.5,4484.9,5292.16,0,0
1759615799999,2025-10-04 19:05:00,4484.26,4491.4,4483.55,4483.55,4812.44,0,0
1759616099999,2025-10-04 19:10:00,4483.55,4485.58,4480.56,4483.22,4920.73,0,0
1759616399999,2025-10-04 19:15:00,4483.04,4483.23,4477.85,4480.86,4122.18,0,0
1759616699999,2025-10-04 19:20:00,4480.86,4481.5,4479.12,4481.49,1284.3,0,0
1759616999999,2025-10-04 19:25:00,4481.5,4486.01,4481.49,4484.86,1531.1,0,0
1759617299999,2025-10-04 19:30:00,4484.86,4492.41,4484.85,4491.68,5391.44,0,0
1759617599999,2025-10-04 19:35:00,4491.67,4491.67,4487.69,4488.62,1985.5,0,0
1759617899999,2025-10-04 19:40:00,4488.79,4489.0,4485.71,4488.18,1514.92,0,0
1759618199999,2025-10-04 19:45:00,4489.09,4491.19,4488.42,4490.65,2421.21,0,0
1759618499999,2025-10-04 19:50:00,4490.23,4490.61,4486.41,4486.82,2610.91,0,0
1759618799999,2025-10-04 19:55:00,4486.81,4488.63,4486.41,4487.23,1303.7,0,0
1759619099999,2025-10-04 20:00:00,4487.17,4488.0,4485.0,4485.02,1554.01,0,0
1759619399999,2025-10-04 20:05:00,4485.01,4486.47,4484.22,4484.46,2105.75,0,0
1759619699999,2025-10-04 20:10:00,4484.45,4484.55,4480.54,4480.54,2084.33,0,0
1759619999999,2025-10-04 20:15:00,4480.54,4483.07,4480.0,4481.18,2658.83,0,0
1759620299999,2025-10-04 20:20:00,4481.25,4483.6,4480.33,4483.6,1962.08,0,0
1759620599999,2025-10-04 20:25:00,4483.59,4484.58,4482.4,4484.06,1050.83,0,0
1759620899999,2025-10-04 20:30:00,4484.07,4486.0,4483.4,4484.09,3872.17,0,0
1759621199999,2025-10-04 20:35:00,4483.92,4484.54,4482.81,4484.2,1372.13,0,0
1759621499999,2025-10-04 20:40:00,4484.2,4486.4,4484.2,4486.4,1360.44,0,0
1759621799999,2025-10-04 20:45:00,4486.39,4487.78,4484.32,4484.34,1965.88,0,0
1759622099999,2025-10-04 20:50:00,4484.34,4485.15,4483.17,4483.17,2194.39,0,0
1759622399999,2025-10-04 20:55:00,4483.17,4485.82,4483.17,4485.66,1478.07,0,0
1759622699999,2025-10-04 21:00:00,4484.79,4487.62,4484.79,4487.0,2632.86,0,0
1759622999999,2025-10-04 21:05:00,4486.99,4487.0,4481.03,4481.04,3110.51,0,0
1759623299999,2025-10-04 21:10:00,4481.04,4483.9,4480.0,4481.94,4906.5,0,0
1759623599999,2025-10-04 21:15:00,4481.94,4486.93,4480.23,4486.42,4405.42,0,0
1759623899999,2025-10-04 21:20:00,4486.42,4490.94,4486.42,4489.17,3740.14,0,0
1759624199999,2025-10-04 21:25:00,4489.01,4492.04,4487.52,4491.1,2823.34,0,0
1759624499999,2025-10-04 21:30:00,4491.1,4491.11,4487.52,4489.61,2606.22,0,0
1759624799999,2025-10-04 21:35:00,4489.61,4489.62,4486.0,4487.8,1201.79,0,0
1759625099999,2025-10-04 21:40:00,4487.8,4487.8,4478.0,4478.0,3224.67,0,0
1759625399999,2025-10-04 21:45:00,4477.89,4478.39,4471.33,4473.0,7345.69,0,0
1759625699999,2025-10-04 21:50:00,4472.7,4473.0,4465.01,4472.01,12759.88,0,0
1759625999999,2025-10-04 21:55:00,4472.09,4472.44,4467.74,4469.27,5048.95,0,0
1759626299999,2025-10-04 22:00:00,4469.59,4475.56,4468.85,4475.56,5148.57,0,0
1759626599999,2025-10-04 22:05:00,4475.56,4478.62,4474.49,4478.61,3286.96,0,0
1759626899999,2025-10-04 22:10:00,4478.1,4480.67,4477.91,4479.17,2370.87,0,0
1759627199999,2025-10-04 22:15:00,4479.16,4479.99,4473.29,4474.61,3186.32,0,0
1759627499999,2025-10-04 22:20:00,4474.43,4476.63,4471.76,4475.58,2503.04,0,0
1759627799999,2025-10-04 22:25:00,4475.57,4481.3,4474.61,4477.45,3414.33,0,0
1759628099999,2025-10-04 22:30:00,4477.45,4482.69,4477.45,4480.0,3746.95,0,0
1759628399999,2025-10-04 22:35:00,4479.99,4482.98,4479.99,4480.8,1914.62,0,0
1759628699999,2025-10-04 22:40:00,4480.8,4484.31,4480.8,4484.3,4003.91,0,0
1759628999999,2025-10-04 22:45:00,4484.3,4485.0,4481.79,4484.69,2366.09,0,0
1759629299999,2025-10-04 22:50:00,4484.99,4487.34,4484.99,4485.0,5105.56,0,0
1759629599999,2025-10-04 22:55:00,4485.36,4487.18,4484.55,4485.96,5130.23,0,0
1759629899999,2025-10-04 23:00:00,4485.96,4486.2,4478.57,4479.83,7803.39,0,0
1759630199999,2025-10-04 23:05:00,4479.82,4482.52,4479.46,4482.0,2684.02,0,0
1759630499999,2025-10-04 23:10:00,4481.74,4481.74,4481.05,4481.46,925.52,0,0
1759630799999,2025-10-04 23:15:00,4481.46,4481.87,4478.78,4479.19,2106.63,0,0
1759631099999,2025-10-04 23:20:00,4479.41,4480.0,4477.71,4478.84,1770.52,0,0
1759631399999,2025-10-04 23:25:00,4478.85,4490.0,4478.85,4489.7,9955.38,0,0
1759631699999,2025-10-04 23:30:00,4490.71,4543.64,4490.5,4535.61,149560.65,0,0
1759631999999,2025-10-04 23:35:00,4534.48,4542.4,4523.93,4525.07,78567.02,0,0
1759632299999,2025-10-04 23:40:00,4525.76,4525.83,4501.81,4519.98,45146.48,0,0
1759632599999,2025-10-04 23:45:00,4520.75,4528.59,4516.18,4522.55,26626.34,0,0
1759632899999,2025-10-04 23:50:00,4522.38,4528.43,4521.02,4526.51,20116.26,0,0
1759633199999,2025-10-04 23:55:00,4527.43,4550.09,4527.42,4548.96,45087.56,0,0
1759633499999,2025-10-05 00:00:00,4547.5,4567.62,4547.5,4564.19,73699.24,1,0
1759633799999,2025-10-05 00:05:00,4565.53,4575.14,4558.62,4559.47,34886.76,0,0
1759634099999,2025-10-05 00:10:00,4558.56,4568.7,4548.44,4552.31,23363.01,0,1
1759634399999,2025-10-05 00:15:00,4552.31,4553.09,4533.43,4536.38,38477.64,0,0
1759634699999,2025-10-05 00:20:00,4536.38,4543.0,4535.0,4536.19,16814.43,0,0
1759634999999,2025-10-05 00:25:00,4536.14,4543.91,4534.29,4543.21,18264.82,0,0
1759635299999,2025-10-05 00:30:00,4544.34,4563.74,4543.09,4559.36,24323.62,0,0
1759635599999,2025-10-05 00:35:00,4559.35,4562.77,4554.08,4561.49,15940.19,0,0
1759635899999,2025-10-05 00:40:00,4560.46,4561.08,4555.35,4558.06,8466.52,0,0
1759636199999,2025-10-05 00:45:00,4558.06,4561.71,4547.33,4549.97,12194.86,0,0
1759636499999,2025-10-05 00:50:00,4551.09,4552.7,4534.89,4540.55,18680.25,0,0
1759636799999,2025-10-05 00:55:00,4540.39,4542.93,4525.68,4531.55,25131.51,0,0
1759637099999,2025-10-05 01:00:00,4530.1,4545.56,4529.73,4544.26,18240.74,0,0
1759637399999,2025-10-05 01:05:00,4544.09,4545.44,4531.0,4531.08,13316.61,0,0
1759637699999,2025-10-05 01:10:00,4530.0,4536.8,4526.7,4536.26,7338.66,0,0
1759637999999,2025-10-05 01:15:00,4536.25,4540.55,4530.9,4540.21,4303.62,0,0
1759638299999,2025-10-05 01:20:00,4540.0,4545.32,4536.66,4540.88,12836.48,0,0
1759638599999,2025-10-05 01:25:00,4540.88,4543.64,4533.89,4534.4,7959.27,0,0
1759638899999,2025-10-05 01:30:00,4534.42,4537.35,4528.74,4537.35,10690.23,0,0
1759639199999,2025-10-05 01:35:00,4536.81,4547.99,4536.33,4545.17,10291.51,0,0
1759639499999,2025-10-05 01:40:00,4545.18,4552.58,4541.56,4544.44,11241.97,0,0
1759639799999,2025-10-05 01:45:00,4545.95,4586.65,4545.8,4574.99,88437.17,0,0
1759640099999,2025-10-05 01:50:00,4572.68,4587.99,4572.68,4576.01,36582.39,0,0
1759640399999,2025-10-05 01:55:00,4575.75,4577.0,4567.41,4570.98,22317.19,0,0
1759640699999,2025-10-05 02:00:00,4573.16,4584.56,4573.15,4584.3,23076.57,0,0
1759640999999,2025-10-05 02:05:00,4583.86,4583.86,4557.33,4567.55,27437.01,0,0
1759641299999,2025-10-05 02:10:00,4567.55,4571.25,4560.46,4567.55,12163.19,0,1
1759641599999,2025-10-05 02:15:00,4568.56,4571.27,4558.29,4568.42,10896.16,0,0
1759641899999,2025-10-05 02:20:00,4568.43,4571.41,4563.91,4570.79,8266.51,0,0
1759642199999,2025-10-05 02:25:00,4571.17,4576.3,4569.62,4576.29,9513.59,0,0
1759642499999,2025-10-05 02:30:00,4576.13,4576.79,4567.82,4571.33,10084.83,0,0
1759642799999,2025-10-05 02:35:00,4571.32,4571.75,4564.49,4565.94,7372.48,0,0
1759643099999,2025-10-05 02:40:00,4566.81,4568.22,4559.01,4566.1,12429.68,0,0
1759643399999,2025-10-05 02:45:00,4567.17,4567.18,4555.91,4560.17,9670.53,0,0
1759643699999,2025-10-05 02:50:00,4560.01,4561.69,4556.31,4560.1,6480.55,0,0
1759643999999,2025-10-05 02:55:00,4559.49,4568.08,4559.48,4568.08,7029.21,0,0
1759644299999,2025-10-05 03:00:00,4568.08,4572.7,4563.9,4567.57,9642.8,0,0
1759644599999,2025-10-05 03:05:00,4567.57,4570.5,4563.15,4568.79,6872.38,0,1
1759644899999,2025-10-05 03:10:00,4568.98,4572.0,4563.88,4570.54,4540.14,0,0
1759645199999,2025-10-05 03:15:00,4570.54,4570.94,4560.48,4561.84,9063.23,0,0
1759645499999,2025-10-05 03:20:00,4561.83,4561.84,4554.55,4559.79,10211.85,0,0
1759645799999,2025-10-05 03:25:00,4559.8,4566.11,4559.79,4565.28,6636.57,0,0
1759646099999,2025-10-05 03:30:00,4565.4,4566.0,4562.13,4564.0,3364.2,0,0
1759646399999,2025-10-05 03:35:00,4563.88,4563.88,4555.01,4556.26,8143.73,0,0
1759646699999,2025-10-05 03:40:00,4556.26,4563.1,4550.0,4562.43,12156.45,0,0
1759646999999,2025-10-05 03:45:00,4562.44,4568.18,4559.87,4567.99,6513.78,0,0
1759647299999,2025-10-05 03:50:00,4567.99,4567.99,4555.0,4559.7,10649.4,0,0
1759647599999,2025-10-05 03:55:00,4559.7,4561.0,4558.37,4558.39,3326.19,0,0
1759647899999,2025-10-05 04:00:00,4558.4,4564.57,4557.64,4564.13,6147.09,0,0
1759648199999,2025-10-05 04:05:00,4564.55,4579.21,4563.41,4576.23,16148.75,0,0
1759648499999,2025-10-05 04:10:00,4575.53,4583.88,4569.41,4576.84,15992.35,0,0
1759648799999,2025-10-05 04:15:00,4576.83,4582.59,4569.92,4575.99,18094.17,0,0
1759649099999,2025-10-05 04:20:00,4576.33,4579.41,4570.73,4572.41,8174.22,0,0
1759649399999,2025-10-05 04:25:00,4572.41,4575.0,4570.3,4570.3,4945.72,0,0
1759649699999,2025-10-05 04:30:00,4570.0,4574.99,4567.01,4568.0,9300.2,0,0
1759649999999,2025-10-05 04:35:00,4568.05,4577.92,4567.52,4575.87,5384.48,0,0
1759650299999,2025-10-05 04:40:00,4575.87,4577.12,4574.22,4576.99,4144.0,0,0
1759650599999,2025-10-05 04:45:00,4576.98,4590.0,4576.98,4589.01,24491.13,0,0
1759650899999,2025-10-05 04:50:00,4587.77,4598.96,4581.75,4597.01,45071.37,0,0
1759651199999,2025-10-05 04:55:00,4597.26,4614.19,4597.17,4604.91,66125.16,1,0
1759651499999,2025-10-05 05:00:00,4604.91,4618.44,4601.88,4604.27,46265.55,0,0
1759651799999,2025-10-05 05:05:00,4606.34,4613.15,4600.08,4603.6,24605.25,0,0
1759652099999,2025-10-05 05:10:00,4603.99,4606.79,4593.0,4593.37,20093.25,0,0
1759652399999,2025-10-05 05:15:00,4593.38,4598.0,4591.14,4592.42,15556.51,0,0
1759652699999,2025-10-05 05:20:00,4592.42,4599.6,4588.63,4599.11,18061.69,0,0
1759652999999,2025-10-05 05:25:00,4598.58,4611.42,4596.19,4599.21,23647.77,0,0
1759653299999,2025-10-05 05:30:00,4599.21,4599.21,4588.76,4590.01,14563.25,0,0
1759653599999,2025-10-05 05:35:00,4589.6,4596.68,4588.57,4596.45,8177.89,0,0
1759653899999,2025-10-05 05:40:00,4596.25,4596.97,4585.0,4589.32,14734.5,0,0
1759654199999,2025-10-05 05:45:00,4589.31,4591.15,4585.44,4590.09,9216.97,0,0
1759654499999,2025-10-05 05:50:00,4590.09,4590.1,4585.05,4586.0,8114.59,0,0
1759654799999,2025-10-05 05:55:00,4585.07,4587.52,4582.64,4586.76,12951.29,0,0
1759655099999,2025-10-05 06:00:00,4586.75,4588.0,4581.11,4585.55,8875.13,0,0
1759655399999,2025-10-05 06:05:00,4585.54,4586.9,4582.35,4584.01,5108.23,0,0
1759655699999,2025-10-05 06:10:00,4584.02,4587.69,4582.82,4584.68,6100.23,0,0
1759655999999,2025-10-05 06:15:00,4584.68,4589.42,4579.75,4580.06,14787.97,0,0
1759656299999,2025-10-05 06:20:00,4580.06,4585.33,4573.93,4585.33,17576.33,0,0
1759656599999,2025-10-05 06:25:00,4585.33,4585.6,4565.68,4573.46,15696.39,0,0
1759656899999,2025-10-05 06:30:00,4573.73,4573.85,4550.45,4566.8,66908.97,0,1
1759657199999,2025-10-05 06:35:00,4566.42,4572.0,4551.84,4553.31,27911.83,0,0
1759657499999,2025-10-05 06:40:00,4556.1,4556.48,4545.0,4549.4,47788.83,0,0
1759657799999,2025-10-05 06:45:00,4550.47,4556.5,4536.95,4556.0,49251.38,0,0
1759658099999,2025-10-05 06:50:00,4556.15,4560.53,4551.63,4559.53,16855.67,1,0
1759658399999,2025-10-05 06:55:00,4559.53,4564.37,4546.03,4548.52,24524.43,0,0
1759658699999,2025-10-05 07:00:00,4548.53,4550.96,4523.63,4531.52,65031.17,0,0
1759658999999,2025-10-05 07:05:00,4531.79,4540.0,4528.0,4532.14,25668.86,0,0
1759659299999,2025-10-05 07:10:00,4531.83,4539.99,4526.41,4537.35,21510.57,0,0
1759659599999,2025-10-05 07:15:00,4537.34,4547.0,4535.77,4544.99,23965.48,0,0
1759659899999,2025-10-05 07:20:00,4544.77,4550.0,4543.05,4547.7,16294.84,0,0
1759660199999,2025-10-05 07:25:00,4547.7,4547.7,4529.87,4535.84,21970.63,0,0
1759660499999,2025-10-05 07:30:00,4536.0,4536.12,4525.04,4525.72,17485.09,0,0
1759660799999,2025-10-05 07:35:00,4525.61,4533.95,4521.61,4530.71,18116.86,0,0
1759661099999,2025-10-05 07:40:00,4530.72,4535.65,4530.21,4535.65,8202.17,0,0
1759661399999,2025-10-05 07:45:00,4535.66,4546.98,4535.65,4544.79,13216.36,0,0
1759661699999,2025-10-05 07:50:00,4544.79,4545.54,4538.22,4540.55,8164.77,0,0
1759661999999,2025-10-05 07:55:00,4540.56,4545.67,4540.3,4540.83,9909.35,0,0
1759662299999,2025-10-05 08:00:00,4540.84,4549.0,4540.0,4548.0,16093.47,0,0
1759662599999,2025-10-05 08:05:00,4548.0,4548.0,4535.75,4537.58,11529.93,0,0
1759662899999,2025-10-05 08:10:00,4537.43,4540.0,4533.79,4535.47,7205.83,0,0
1759663199999,2025-10-05 08:15:00,4535.48,4542.0,4535.3,4541.75,4155.02,0,0
1759663499999,2025-10-05 08:20:00,4540.55,4548.15,4539.12,4546.2,6834.41,0,0
1759663799999,2025-10-05 08:25:00,4546.44,4552.26,4545.85,4546.19,12521.01,0,0
1759664099999,2025-10-05 08:30:00,4546.19,4546.84,4542.0,4543.67,5799.82,0,0
1759664399999,2025-10-05 08:35:00,4543.66,4546.98,4541.2,4544.0,4094.13,0,0
1759664699999,2025-10-05 08:40:00,4544.01,4548.37,4544.0,4547.92,3537.79,0,0
1759664999999,2025-10-05 08:45:00,4548.01,4554.99,4547.81,4554.99,9125.55,0,0
1759665299999,2025-10-05 08:50:00,4554.21,4554.85,4551.34,4552.79,7214.51,0,0
1759665599999,2025-10-05 08:55:00,4549.43,4552.36,4548.42,4549.08,5915.78,0,0
1759665899999,2025-10-05 09:00:00,4549.09,4549.09,4539.11,4540.0,13302.33,0,0
1759666199999,2025-10-05 09:05:00,4539.13,4542.16,4534.0,4537.44,14307.57,0,0
1759666499999,2025-10-05 09:10:00,4537.43,4541.65,4532.7,4541.34,5924.35,0,0
1759666799999,2025-10-05 09:15:00,4541.33,4546.93,4538.98,4544.38,5035.29,0,0
1759667099999,2025-10-05 09:20:00,4544.2,4549.0,4542.31,4545.67,7957.07,0,0
1759667399999,2025-10-05 09:25:00,4545.6,4545.6,4540.3,4541.5,3962.77,0,0
1759667699999,2025-10-05 09:30:00,4541.5,4546.3,4540.3,4545.6,2997.2,0,0
1759667999999,2025-10-05 09:35:00,4545.59,4547.3,4530.08,4535.04,17525.59,0,0
1759668299999,2025-10-05 09:40:00,4535.42,4537.24,4532.64,4533.18,4833.88,0,0
1759668599999,2025-10-05 09:45:00,4533.17,4537.25,4530.97,4537.0,10085.81,0,0
1759668899999,2025-10-05 09:50:00,4537.0,4540.65,4533.32,4533.78,4063.6,0,0
1759669199999,2025-10-05 09:55:00,4534.22,4534.22,4528.0,4529.63,10787.26,0,0
1759669499999,2025-10-05 10:00:00,4530.0,4536.0,4529.63,4534.15,8338.02,0,0
1759669799999,2025-10-05 10:05:00,4534.15,4538.0,4532.0,4535.42,6763.66,0,0
1759670099999,2025-10-05 10:10:00,4535.39,4537.33,4531.49,4533.39,4069.85,0,0
1759670399999,2025-10-05 10:15:00,4533.39,4536.9,4532.0,4536.67,3598.17,0,0
1759670699999,2025-10-05 10:20:00,4536.67,4539.75,4530.0,4535.66,7691.53,0,0
1759670999999,2025-10-05 10:25:00,4535.66,4539.8,4534.61,4537.63,3552.21,0,0
1759671299999,2025-10-05 10:30:00,4537.63,4538.42,4533.0,4537.73,3966.95,0,0
1759671599999,2025-10-05 10:35:00,4537.71,4542.3,4536.34,4540.01,5583.68,0,0
1759671899999,2025-10-05 10:40:00,4540.17,4540.17,4533.81,4535.66,5281.3,0,0
1759672199999,2025-10-05 10:45:00,4535.66,4539.8,4532.02,4539.13,6395.09,0,0
1759672499999,2025-10-05 10:50:00,4538.81,4538.81,4531.42,4533.28,6072.78,0,0
1759672799999,2025-10-05 10:55:00,4533.28,4536.98,4533.23,4536.98,2083.49,0,0
1759673099999,2025-10-05 11:00:00,4536.98,4546.89,4536.53,4544.97,10724.11,0,0
1759673399999,2025-10-05 11:05:00,4546.42,4548.89,4543.84,4546.66,10791.2,0,0
1759673699999,2025-10-05 11:10:00,4546.66,4548.94,4545.65,4546.97,4783.36,0,0
1759673999999,2025-10-05 11:15:00,4546.48,4546.65,4542.67,4545.16,3769.62,0,0
1759674299999,2025-10-05 11:20:00,4545.16,4546.33,4543.22,4546.32,2568.74,0,0
1759674599999,2025-10-05 11:25:00,4545.94,4548.88,4545.58,4545.75,4364.09,0,0
1759674899999,2025-10-05 11:30:00,4545.76,4546.85,4535.0,4535.0,9741.98,0,0
1759675199999,2025-10-05 11:35:00,4535.35,4539.7,4534.51,4537.0,4859.44,0,0
1759675499999,2025-10-05 11:40:00,4537.0,4538.0,4529.78,4534.4,10540.9,0,0
1759675799999,2025-10-05 11:45:00,4534.53,4537.59,4528.75,4531.25,13984.16,0,0
1759676099999,2025-10-05 11:50:00,4530.85,4534.06,4529.12,4532.82,5344.62,0,0
1759676399999,2025-10-05 11:55:00,4532.99,4535.7,4532.16,4534.34,3365.25,0,0
1759676699999,2025-10-05 12:00:00,4533.69,4533.69,4530.3,4532.77,3666.01,0,0
1759676999999,2025-10-05 12:05:00,4532.77,4534.17,4528.0,4528.97,6812.58,0,0
1759677299999,2025-10-05 12:10:00,4528.99,4536.0,4528.9,4535.27,5234.41,0,0
1759677599999,2025-10-05 12:15:00,4535.36,4542.52,4535.36,4541.01,5592.66,0,0
1759677899999,2025-10-05 12:20:00,4541.01,4541.01,4538.36,4540.45,4283.69,0,0
1759678199999,2025-10-05 12:25:00,4540.45,4540.46,4535.78,4536.96,3168.22,0,0
1759678499999,2025-10-05 12:30:00,4536.51,4536.88,4530.97,4531.37,4491.47,0,0
1759678799999,2025-10-05 12:35:00,4530.97,4532.67,4528.0,4528.36,7486.84,0,0
1759679099999,2025-10-05 12:40:00,4528.37,4531.39,4525.0,4526.15,7355.09,0,0
1759679399999,2025-10-05 12:45:00,4526.1,4530.57,4525.0,4528.47,5852.27,0,1
1759679699999,2025-10-05 12:50:00,4528.24,4533.68,4528.23,4530.33,5375.21,0,0
1759679999999,2025-10-05 12:55:00,4530.33,4533.76,4528.25,4530.22,2706.15,0,0
1759680299999,2025-10-05 13:00:00,4530.6,4533.24,4528.0,4529.26,3159.89,0,0
1759680599999,2025-10-05 13:05:00,4529.39,4537.12,4529.28,4537.12,4603.68,0,0
1759680899999,2025-10-05 13:10:00,4537.62,4539.53,4535.9,4536.37,5847.61,0,0
1759681199999,2025-10-05 13:15:00,4536.37,4538.4,4529.66,4531.64,8366.04,0,0
1759681499999,2025-10-05 13:20:00,4531.64,4534.01,4530.45,4530.45,3324.6,0,0
1759681799999,2025-10-05 13:25:00,4530.45,4535.55,4530.26,4533.29,3280.45,0,0
1759682099999,2025-10-05 13:30:00,4533.29,4534.51,4529.16,4529.45,4510.62,0,0
1759682399999,2025-10-05 13:35:00,4529.46,4535.39,4529.45,4533.91,2798.57,0,0
1759682699999,2025-10-05 13:40:00,4534.22,4537.32,4526.0,4526.99,10444.96,0,0
1759682999999,2025-10-05 13:45:00,4526.32,4529.37,4505.03,4509.96,72936.54,0,0
1759683299999,2025-10-05 13:50:00,4510.89,4519.34,4488.24,4515.01,77136.58,0,0
1759683599999,2025-10-05 13:55:00,4515.41,4529.8,4515.33,4526.91,27347.79,1,0
1759683899999,2025-10-05 14:00:00,4526.88,4535.74,4526.6,4531.66,22020.28,0,0
1759684199999,2025-10-05 14:05:00,4531.99,4536.48,4525.02,4525.62,12583.31,0,0
1759684499999,2025-10-05 14:10:00,4525.64,4525.71,4518.61,4523.74,12567.77,0,0
1759684799999,2025-10-05 14:15:00,4523.74,4530.0,4523.0,4523.0,4286.54,0,0
1759685099999,2025-10-05 14:20:00,4522.21,4523.85,4520.0,4520.0,2590.32,0,0
1759685399999,2025-10-05 14:25:00,4520.0,4521.83,4518.51,4520.38,4117.0,0,0
1759685699999,2025-10-05 14:30:00,4520.38,4520.38,4504.0,4504.54,20894.94,0,0
1759685999999,2025-10-05 14:35:00,4506.2,4511.46,4503.0,4510.32,11169.87,0,0
1759686299999,2025-10-05 14:40:00,4510.32,4513.79,4505.06,4512.67,4984.17,0,0
1759686599999,2025-10-05 14:45:00,4512.49,4513.75,4505.55,4509.46,4054.72,0,0
1759686899999,2025-10-05 14:50:00,4509.16,4509.16,4501.52,4505.68,6635.36,0,0
1759687199999,2025-10-05 14:55:00,4505.12,4510.47,4504.13,4510.22,6465.73,0,0
1759687499999,2025-10-05 15:00:00,4510.21,4515.35,4509.3,4512.81,5027.55,0,0
1759687799999,2025-10-05 15:05:00,4512.81,4513.59,4501.0,4503.35,8605.52,0,0
1759688099999,2025-10-05 15:10:00,4503.35,4509.63,4495.0,4506.3,19636.39,0,0
1759688399999,2025-10-05 15:15:00,4506.46,4509.78,4504.51,4509.14,4425.41,0,0
1759688699999,2025-10-05 15:20:00,4509.15,4510.0,4503.35,4503.85,4226.06,0,0
1759688999999,2025-10-05 15:25:00,4504.23,4512.31,4504.22,4509.94,10107.84,0,0
1759689299999,2025-10-05 15:30:00,4510.55,4518.72,4510.0,4518.71,8587.43,0,0
1759689599999,2025-10-05 15:35:00,4519.0,4520.84,4516.0,4516.59,6153.86,0,0
1759689899999,2025-10-05 15:40:00,4515.65,4518.52,4514.68,4517.38,2765.93,0,0
1759690199999,2025-10-05 15:45:00,4517.72,4519.44,4516.21,4519.44,1331.96,0,0
1759690499999,2025-10-05 15:50:00,4519.44,4524.0,4516.69,4517.83,6669.05,0,0
1759690799999,2025-10-05 15:55:00,4517.76,4519.33,4515.85,4516.89,2685.78,0,0
1759691099999,2025-10-05 16:00:00,4517.03,4517.61,4510.85,4511.01,7265.76,0,0
1759691399999,2025-10-05 16:05:00,4511.01,4511.02,4500.0,4502.92,8275.4,0,0
1759691699999,2025-10-05 16:10:00,4503.72,4503.88,4492.28,4498.28,13705.7,0,0
1759691999999,2025-10-05 16:15:00,4497.9,4498.27,4493.15,4497.82,5450.46,0,0
1759692299999,2025-10-05 16:20:00,4497.94,4509.98,4496.85,4509.89,5293.86,0,0
1759692599999,2025-10-05 16:25:00,4509.89,4509.9,4503.29,4505.3,2242.67,0,0
1759692899999,2025-10-05 16:30:00,4505.68,4505.69,4498.0,4502.78,2993.61,0,0
1759693199999,2025-10-05 16:35:00,4502.78,4502.78,4496.19,4498.64,2644.33,0,0
1759693499999,2025-10-05 16:40:00,4498.34,4502.72,4498.2,4498.92,1610.59,0,0
1759693799999,2025-10-05 16:45:00,4499.2,4500.97,4492.02,4493.05,6255.3,0,0
1759694099999,2025-10-05 16:50:00,4493.06,4493.67,4483.16,4489.32,26730.82,0,0
1759694399999,2025-10-05 16:55:00,4488.96,4490.82,4480.0,4485.15,16545.47,0,1
1759694699999,2025-10-05 17:00:00,4485.32,4489.5,4470.74,4487.92,33186.17,0,0
1759694999999,2025-10-05 17:05:00,4488.18,4496.08,4481.96,4495.55,16749.39,0,0
1759695299999,2025-10-05 17:10:00,4496.64,4499.65,4495.17,4495.55,8681.3,0,0
1759695599999,2025-10-05 17:15:00,4495.55,4499.0,4487.27,4494.02,5794.53,0,0
1759695899999,2025-10-05 17:20:00,4494.03,4496.57,4492.01,4492.44,2701.02,0,0
1759696199999,2025-10-05 17:25:00,4492.45,4497.0,4492.01,4496.99,2859.69,0,0
1759696499999,2025-10-05 17:30:00,4497.96,4501.74,4497.96,4499.61,4943.27,0,0
1759696799999,2025-10-05 17:35:00,4500.22,4508.45,4499.37,4505.6,10744.91,0,0
1759697099999,2025-10-05 17:40:00,4505.59,4506.65,4501.0,4503.36,2731.41,0,0
1759697399999,2025-10-05 17:45:00,4503.13,4506.0,4500.0,4500.72,3999.87,0,0
1759697699999,2025-10-05 17:50:00,4500.72,4503.36,4500.0,4502.01,6647.98,0,0
1759697999999,2025-10-05 17:55:00,4501.75,4502.63,4496.54,4496.54,4691.93,0,0
1759698299999,2025-10-05 18:00:00,4496.53,4501.09,4495.89,4495.89,2555.49,0,1
1759698599999,2025-10-05 18:05:00,4495.89,4496.47,4491.56,4496.17,3275.34,0,0
1759698899999,2025-10-05 18:10:00,4496.16,4496.46,4490.0,4494.74,2881.17,0,0
1759699199999,2025-10-05 18:15:00,4494.74,4499.81,4491.98,4497.83,3959.28,0,0
1759699499999,2025-10-05 18:20:00,4497.82,4504.33,4497.82,4500.29,4925.44,0,0
1759699799999,2025-10-05 18:25:00,4500.3,4505.32,4498.4,4499.59,2367.62,0,0
1759700099999,2025-10-05 18:30:00,4499.6,4499.6,4496.07,4496.67,1688.12,0,0
1759700399999,2025-10-05 18:35:00,4496.68,4499.59,4494.1,4499.58,1197.22,0,0
1759700699999,2025-10-05 18:40:00,4499.59,4505.0,4499.59,4502.25,2259.67,0,0
1759700999999,2025-10-05 18:45:00,4501.78,4507.08,4497.86,4503.27,6505.92,0,0
1759701299999,2025-10-05 18:50:00,4503.53,4505.0,4499.24,4501.94,3582.55,0,0
1759701599999,2025-10-05 18:55:00,4501.95,4505.56,4499.32,4503.5,2635.01,0,0
1759701899999,2025-10-05 19:00:00,4503.51,4517.72,4503.51,4512.52,14520.52,0,0
1759702199999,2025-10-05 19:05:00,4512.51,4516.16,4504.66,4504.66,7052.42,0,0
1759702499999,2025-10-05 19:10:00,4504.67,4504.67,4499.0,4501.34,4294.5,0,0
1759702799999,2025-10-05 19:15:00,4501.34,4507.52,4499.5,4504.34,3221.08,0,0
1759703099999,2025-10-05 19:20:00,4504.35,4515.23,4504.35,4514.35,4474.48,0,0
1759703399999,2025-10-05 19:25:00,4514.08,4515.5,4506.01,4506.49,4294.81,0,0
1759703699999,2025-10-05 19:30:00,4506.5,4509.88,4502.89,4506.36,2956.08,0,0
1759703999999,2025-10-05 19:35:00,4506.36,4506.36,4502.0,4503.36,2304.74,0,0
1759704299999,2025-10-05 19:40:00,4503.36,4506.7,4502.3,4506.33,1676.68,0,0
1759704599999,2025-10-05 19:45:00,4506.33,4510.01,4504.85,4506.66,4818.98,0,0
1759704899999,2025-10-05 19:50:00,4506.67,4509.26,4505.0,4507.99,2652.51,0,0
1759705199999,2025-10-05 19:55:00,4508.07,4511.9,4507.99,4511.39,3433.28,0,0
1759705499999,2025-10-05 20:00:00,4511.25,4517.63,4510.38,4516.5,10059.33,0,0
1759705799999,2025-10-05 20:05:00,4516.11,4522.22,4516.1,4519.5,15214.57,0,0
1759706099999,2025-10-05 20:10:00,4519.5,4520.35,4511.92,4517.21,8093.83,0,0
1759706399999,2025-10-05 20:15:00,4517.1,4519.82,4513.56,4516.91,8710.98,0,0
1759706699999,2025-10-05 20:20:00,4516.91,4517.52,4512.17,4513.27,2319.45,0,0
1759706999999,2025-10-05 20:25:00,4513.27,4514.51,4510.26,4513.6,3812.09,0,0
1759707299999,2025-10-05 20:30:00,4514.18,4520.4,4514.18,4517.87,4021.06,0,0
1759707599999,2025-10-05 20:35:00,4517.87,4520.5,4517.0,4518.35,2255.44,0,0
1759707899999,2025-10-05 20:40:00,4518.75,4519.82,4513.98,4516.0,2266.72,0,0
1759708199999,2025-10-05 20:45:00,4515.8,4517.96,4514.17,4514.38,2337.86,0,0
1759708499999,2025-10-05 20:50:00,4514.72,4515.32,4511.2,4511.69,1885.8,0,0
1759708799999,2025-10-05 20:55:00,4512.04,4513.53,4510.73,4512.35,2488.3,0,0
1759709099999,2025-10-05 21:00:00,4512.35,4513.6,4507.07,4509.15,6625.36,0,0
1759709399999,2025-10-05 21:05:00,4509.99,4510.0,4504.76,4505.48,6128.4,0,0
1759709699999,2025-10-05 21:10:00,4505.47,4520.0,4498.34,4518.25,20208.55,0,0
1759709999999,2025-10-05 21:15:00,4518.26,4551.74,4518.25,4548.8,63902.14,0,0
1759710299999,2025-10-05 21:20:00,4548.28,4550.02,4525.63,4527.01,26965.51,1,0
1759710599999,2025-10-05 21:25:00,4527.02,4527.02,4505.39,4512.67,25456.16,0,0
1759710899999,2025-10-05 21:30:00,4513.05,4520.36,4507.0,4514.55,13824.16,0,0
1759711199999,2025-10-05 21:35:00,4514.99,4515.44,4498.5,4501.98,16703.22,0,0
1759711499999,2025-10-05 21:40:00,4501.18,4514.54,4498.36,4511.03,11615.2,0,0
1759711799999,2025-10-05 21:45:00,4511.64,4513.58,4503.0,4509.84,7935.74,0,0
1759712099999,2025-10-05 21:50:00,4509.99,4510.0,4486.05,4491.6,26142.57,0,0
1759712399999,2025-10-05 21:55:00,4491.61,4499.66,4487.39,4497.59,14274.28,0,1
1759712699999,2025-10-05 22:00:00,4497.79,4499.79,4488.18,4499.69,13433.04,0,0
1759712999999,2025-10-05 22:05:00,4499.01,4506.85,4498.09,4500.7,8787.1,0,0
1759713299999,2025-10-05 22:10:00,4500.13,4505.24,4498.93,4501.47,5417.69,0,0
1759713599999,2025-10-05 22:15:00,4500.43,4506.84,4493.78,4506.13,7156.48,0,0
1759713899999,2025-10-05 22:20:00,4505.29,4525.0,4505.29,4524.99,22767.95,0,0
1759714199999,2025-10-05 22:25:00,4524.14,4531.44,4521.9,4528.74,17692.66,0,0
1759714499999,2025-10-05 22:30:00,4528.74,4539.97,4528.1,4533.78,21920.6,1,0
1759714799999,2025-10-05 22:35:00,4533.79,4540.93,4525.82,4530.35,19026.19,0,0
1759715099999,2025-10-05 22:40:00,4530.57,4533.46,4513.95,4520.77,18871.73,0,0
1759715399999,2025-10-05 22:45:00,4520.57,4527.89,4515.58,4524.39,7307.35,0,0
1759715699999,2025-10-05 22:50:00,4524.4,4528.63,4523.41,4527.48,7439.37,0,0
1759715999999,2025-10-05 22:55:00,4526.96,4527.7,4520.07,4526.73,7224.21,0,0
1759716299999,2025-10-05 23:00:00,4526.03,4530.52,4518.54,4521.09,9593.63,0,0
1759716599999,2025-10-05 23:05:00,4519.84,4526.22,4519.81,4521.95,4148.59,0,0
1759716899999,2025-10-05 23:10:00,4521.55,4528.82,4519.22,4522.91,5783.14,0,0
1759717199999,2025-10-05 23:15:00,4522.89,4525.19,4518.58,4520.06,4512.42,0,0
1759717499999,2025-10-05 23:20:00,4519.1,4527.3,4516.3,4520.0,4729.31,0,0
1759717799999,2025-10-05 23:25:00,4520.01,4521.45,4517.0,4517.37,3723.49,0,0
1759718099999,2025-10-05 23:30:00,4517.36,4521.22,4505.0,4509.95,17964.53,0,0
1759718399999,2025-10-05 23:35:00,4508.44,4511.74,4503.59,4508.08,6633.71,0,0
1759718699999,2025-10-05 23:40:00,4509.99,4520.1,4509.42,4519.27,6988.39,0,0
1759718999999,2025-10-05 23:45:00,4519.26,4549.5,4519.26,4541.0,40015.98,1,0
1759719299999,2025-10-05 23:50:00,4540.0,4545.72,4532.48,4535.99,18302.05,0,0
1759719599999,2025-10-05 23:55:00,4536.0,4539.31,4534.0,4535.15,6079.93,0,0
1759719899999,2025-10-06 00:00:00,4536.8,4540.0,4533.8,4536.35,5406.5,0,0
1759720199999,2025-10-06 00:05:00,4537.15,4541.2,4534.0,4536.5,4828.61,0,0
1759720499999,2025-10-06 00:10:00,4537.01,4538.18,4533.11,4537.04,4208.11,0,0
1759720799999,2025-10-06 00:15:00,4537.04,4539.34,4530.0,4532.74,5491.02,0,0
1759721099999,2025-10-06 00:20:00,4531.73,4534.0,4530.01,4530.22,3770.2,0,0
1759721399999,2025-10-06 00:25:00,4530.65,4537.63,4530.65,4535.7,2890.13,0,0
1759721699999,2025-10-06 00:30:00,4535.69,4538.79,4533.23,4536.43,3267.09,0,0
1759721999999,2025-10-06 00:35:00,4536.37,4538.0,4531.2,4534.31,3442.71,0,0
1759722299999,2025-10-06 00:40:00,4534.31,4534.68,4528.31,4529.76,3132.49,0,0
1759722599999,2025-10-06 00:45:00,4529.82,4531.32,4526.0,4529.15,3791.46,0,0
1759722899999,2025-10-06 00:50:00,4529.35,4532.78,4526.04,4532.12,3298.37,0,0
1759723199999,2025-10-06 00:55:00,4530.87,4539.34,4529.09,4534.91,7098.39,0,0
1759723499999,2025-10-06 01:00:00,4534.9,4537.31,4528.9,4531.99,4403.59,0,0
1759723799999,2025-10-06 01:05:00,4531.99,4533.62,4528.0,4530.26,3607.52,0,0
1759724099999,2025-10-06 01:10:00,4530.27,4534.1,4527.86,4533.81,2469.75,0,0
1759724399999,2025-10-06 01:15:00,4533.81,4534.88,4530.88,4532.35,2202.43,0,0
1759724699999,2025-10-06 01:20:00,4532.34,4538.0,4532.34,4535.33,2314.07,0,0
1759724999999,2025-10-06 01:25:00,4535.01,4538.99,4535.01,4538.38,2351.73,0,0
1759725299999,2025-10-06 01:30:00,4538.87,4540.92,4530.26,4533.12,5260.16,0,0
1759725599999,2025-10-06 01:35:00,4533.12,4533.12,4528.0,4528.99,2243.87,0,0
1759725899999,2025-10-06 01:40:00,4529.0,4529.89,4524.3,4527.14,4998.46,0,0
1759726199999,2025-10-06 01:45:00,4527.14,4531.28,4524.2,4531.28,4023.81,0,0
1759726499999,2025-10-06 01:50:00,4531.28,4532.5,4522.86,4523.65,8730.34,0,0
1759726799999,2025-10-06 01:55:00,4523.89,4525.46,4520.06,4523.41,5911.19,0,0
1759727099999,2025-10-06 02:00:00,4523.03,4523.04,4515.63,4522.44,14338.17,0,0
1759727399999,2025-10-06 02:05:00,4522.62,4522.94,4515.3,4517.09,4517.7,0,0
1759727699999,2025-10-06 02:10:00,4517.08,4518.54,4511.6,4512.02,7205.46,0,0
1759727999999,2025-10-06 02:15:00,4512.02,4515.28,4508.0,4508.5,8304.0,0,0
1759728299999,2025-10-06 02:20:00,4508.59,4510.96,4507.63,4509.24,5091.39,0,0
1759728599999,2025-10-06 02:25:00,4509.37,4521.28,4509.36,4521.02,7896.74,0,0
1759728899999,2025-10-06 02:30:00,4521.02,4522.32,4513.97,4513.98,7364.53,0,0
1759729199999,2025-10-06 02:35:00,4513.97,4515.56,4511.7,4515.13,3812.82,0,0
1759729499999,2025-10-06 02:40:00,4515.15,4519.49,4514.27,4518.85,4015.09,0,0
1759729799999,2025-10-06 02:45:00,4518.47,4528.44,4518.46,4526.41,6486.68,1,0
1759730099999,2025-10-06 02:50:00,4526.4,4527.57,4521.44,4524.91,4013.59,0,0
1759730399999,2025-10-06 02:55:00,4524.91,4527.49,4524.9,4526.23,2795.61,0,0
1759730699999,2025-10-06 03:00:00,4526.23,4538.77,4525.45,4537.34,13573.0,0,0
1759730999999,2025-10-06 03:05:00,4537.35,4549.52,4533.76,4543.01,24586.92,0,0
1759731299999,2025-10-06 03:10:00,4543.01,4548.71,4543.01,4545.91,9818.36,0,0
1759731599999,2025-10-06 03:15:00,4546.14,4553.78,4538.12,4542.27,14765.39,0,0
1759731899999,2025-10-06 03:20:00,4542.26,4547.0,4540.31,4545.96,6501.06,0,1
1759732199999,2025-10-06 03:25:00,4545.97,4563.0,4545.96,4560.19,26429.78,0,0
1759732499999,2025-10-06 03:30:00,4560.19,4567.08,4558.96,4565.34,20219.51,0,0
1759732799999,2025-10-06 03:35:00,4565.34,4575.9,4565.33,4568.14,28894.1,0,0
1759733099999,2025-10-06 03:40:00,4568.15,4570.0,4563.43,4564.19,13507.11,0,0
1759733399999,2025-10-06 03:45:00,4564.54,4565.0,4556.33,4559.0,14398.9,0,0
1759733699999,2025-10-06 03:50:00,4559.28,4562.85,4550.03,4556.0,11449.0,0,0
1759733999999,2025-10-06 03:55:00,4555.71,4559.62,4555.1,4558.42,6929.0,0,0
1759734299999,2025-10-06 04:00:00,4558.42,4568.0,4555.76,4564.52,9597.29,0,0
1759734599999,2025-10-06 04:05:00,4563.38,4569.0,4559.55,4567.42,9655.26,0,0
1759734899999,2025-10-06 04:10:00,4567.42,4572.0,4563.4,4571.99,8565.44,0,0
1759735199999,2025-10-06 04:15:00,4571.99,4573.33,4568.27,4570.19,8932.74,1,0
1759735499999,2025-10-06 04:20:00,4570.19,4576.58,4568.23,4570.8,9118.12,0,0
1759735799999,2025-10-06 04:25:00,4571.04,4571.05,4561.45,4566.75,11903.44,0,0
1759736099999,2025-10-06 04:30:00,4566.75,4567.73,4551.58,4551.58,12560.32,0,0
1759736399999,2025-10-06 04:35:00,4551.42,4553.36,4545.19,4549.22,16304.48,0,0
1759736699999,2025-10-06 04:40:00,4549.22,4549.22,4526.46,4536.64,33743.46,0,0
1759736999999,2025-10-06 04:45:00,4536.37,4536.37,4527.57,4531.74,18667.84,0,1
1759737299999,2025-10-06 04:50:00,4531.75,4534.5,4527.25,4529.17,10302.5,0,0
1759737599999,2025-10-06 04:55:00,4527.71,4533.84,4527.7,4531.3,9362.24,0,0
1759737899999,2025-10-06 05:00:00,4530.99,4546.94,4530.99,4541.91,24089.83,0,0
1759738199999,2025-10-06 05:05:00,4542.24,4547.43,4540.08,4546.59,13539.44,0,0
1759738499999,2025-10-06 05:10:00,4546.58,4550.95,4542.89,4544.83,11505.54,0,0
1759738799999,2025-10-06 05:15:00,4544.49,4544.5,4538.32,4539.89,6444.27,0,0
1759739099999,2025-10-06 05:20:00,4539.5,4545.93,4538.75,4545.0,3611.09,0,0
1759739399999,2025-10-06 05:25:00,4545.0,4549.52,4543.82,4546.75,3988.31,0,0
1759739699999,2025-10-06 05:30:00,4546.76,4564.03,4546.75,4564.02,18726.91,0,0
1759739999999,2025-10-06 05:35:00,4563.88,4565.89,4556.78,4559.53,13601.28,0,0
1759740299999,2025-10-06 05:40:00,4559.71,4563.9,4557.85,4560.13,8885.72,0,0
1759740599999,2025-10-06 05:45:00,4560.13,4563.89,4555.62,4559.52,13607.07,0,0
1759740899999,2025-10-06 05:50:00,4559.75,4562.0,4556.32,4557.57,4457.37,0,0
1759741199999,2025-10-06 05:55:00,4557.58,4562.69,4557.58,4559.35,4521.56,0,0
1759741499999,2025-10-06 06:00:00,4559.53,4564.98,4558.16,4564.97,6132.73,0,0
1759741799999,2025-10-06 06:05:00,4564.97,4569.5,4563.18,4568.6,12987.13,0,0
1759742099999,2025-10-06 06:10:00,4568.61,4572.0,4565.6,4567.67,10400.23,0,0
1759742399999,2025-10-06 06:15:00,4567.67,4570.0,4563.88,4567.23,7312.99,0,0
1759742699999,2025-10-06 06:20:00,4567.22,4568.88,4559.27,4563.0,8870.02,0,0
1759742999999,2025-10-06 06:25:00,4563.01,4566.05,4560.21,4565.32,3750.74,0,0
1759743299999,2025-10-06 06:30:00,4565.31,4567.2,4563.1,4565.98,4970.62,0,0
1759743599999,2025-10-06 06:35:00,4565.04,4571.0,4565.04,4567.27,6198.74,0,0
1759743899999,2025-10-06 06:40:00,4566.85,4570.35,4565.76,4565.76,4542.75,0,0
1759744199999,2025-10-06 06:45:00,4565.77,4570.28,4565.44,4568.27,5140.27,0,0
1759744499999,2025-10-06 06:50:00,4568.27,4573.1,4567.8,4572.95,8672.06,1,0
1759744799999,2025-10-06 06:55:00,4572.94,4575.95,4569.1,4571.48,8245.0,0,0
1759745099999,2025-10-06 07:00:00,4571.16,4578.17,4570.55,4571.63,10600.97,0,0
1759745399999,2025-10-06 07:05:00,4570.83,4570.83,4561.37,4563.23,12779.9,0,0
1759745699999,2025-10-06 07:10:00,4563.23,4565.73,4560.29,4562.83,6961.1,0,0
1759745999999,2025-10-06 07:15:00,4562.89,4563.59,4556.02,4561.23,10205.98,0,0
1759746299999,2025-10-06 07:20:00,4561.23,4567.5,4561.22,4565.0,4963.96,0,0
1759746599999,2025-10-06 07:25:00,4564.99,4565.93,4561.56,4563.38,4610.85,0,0
1759746899999,2025-10-06 07:30:00,4563.38,4565.93,4559.71,4564.3,5221.92,0,0
1759747199999,2025-10-06 07:35:00,4564.3,4566.0,4556.81,4557.2,5644.8,0,0
1759747499999,2025-10-06 07:40:00,4557.46,4561.67,4556.17,4560.41,4341.36,0,0
1759747799999,2025-10-06 07:45:00,4560.81,4567.2,4560.09,4567.17,5007.06,0,0
1759748099999,2025-10-06 07:50:00,4567.26,4576.33,4567.26,4572.0,11240.45,0,0
1759748399999,2025-10-06 07:55:00,4572.0,4573.0,4570.0,4571.41,4912.95,0,0
1759748699999,2025-10-06 08:00:00,4571.41,4572.41,4564.17,4568.34,8850.58,0,0
1759748999999,2025-10-06 08:05:00,4568.34,4571.85,4566.17,4566.32,6043.46,0,0
1759749299999,2025-10-06 08:10:00,4566.28,4566.89,4563.44,4563.44,4456.3,0,0
1759749599999,2025-10-06 08:15:00,4563.28,4569.81,4562.85,4569.01,4170.89,0,0
1759749899999,2025-10-06 08:20:00,4569.01,4573.26,4565.83,4573.13,5837.46,0,0
1759750199999,2025-10-06 08:25:00,4574.7,4588.81,4572.38,4586.59,28151.74,0,0
1759750499999,2025-10-06 08:30:00,4586.66,4593.25,4570.29,4575.6,35042.45,0,0
1759753499999,2025-10-06 09:20:00,4588.72,4592.99,4586.26,4590.66,14994.961,4570.45,4604.923954,4535.976046,4587.686977,4553.213023
1759753799999,2025-10-06 09:25:00,4590.66,4591.0,4582.67,4583.01,10289.601,4570.45,4604.923954,4535.976046,4587.686977,4553.213023
1759754099999,2025-10-06 09:30:00,4583.01,4587.55,4581.37,4585.01,9261.328,4570.45,4604.912335,4535.987665,4587.681168,4553.218832
1759754399999,2025-10-06 09:35:00,4585.46,4585.76,4572.78,4572.78,16274.196,4570.45,4604.915221,4535.984779,4587.682611,4553.217389
1759754699999,2025-10-06 09:40:00,4573.0,4577.9,4572.67,4575.05,8657.676,4570.45,4604.917755,4535.982245,4587.683878,4553.216122
1759754999999,2025-10-06 09:45:00,4575.01,4580.53,4573.78,4579.28,5532.331,4570.45,4604.916951,4535.983049,4587.683476,4553.216524
1759755299999,2025-10-06 09:50:00,4579.28,4580.1,4576.0,4578.0,3852.256,4570.45,4604.91493,4535.98507,4587.682465,4553.217535
1759756199999,2025-10-06 10:05:00,4577.53,4586.4,4577.53,4584.99,6423.682,4570.45,4604.934325,4535.965675,4587.692163,4553.207837,4570.45,0
1759756499999,2025-10-06 10:10:00,4585.0,4588.29,4577.36,4579.98,9174.557,4570.45,4604.934325,4535.965675,4587.692163,4553.207837,4570.45,0
1759756799999,2025-10-06 10:15:00,4579.62,4585.58,4574.94,4585.57,6062.046,4570.45,4604.934913,4535.965087,4587.692456,4553.207544,4570.45,0
1759757099999,2025-10-06 10:20:00,4586.51,4596.99,4586.51,4592.87,23159.065,4570.45,4604.972638,4535.927362,4587.711319,4553.188681,4570.45,0
1759757399999,2025-10-06 10:25:00,4592.88,4601.2,4586.77,4588.82,28483.828,4577.135,4611.43631,4542.83369,4594.285655,4559.984345,1,0
1759757699999,2025-10-06 10:30:00,4588.78,4593.33,4576.66,4587.41,23957.324,4577.135,4611.437911,4542.832089,4594.286455,4559.983545,0,0
1759757999999,2025-10-06 10:35:00,4587.37,4630.0,4582.55,4618.58,128235.345,4577.135,4611.433564,4542.836436,4594.284282,4559.985718,1,0
1759758299999,2025-10-06 10:40:00,4618.59,4626.09,4592.91,4602.12,65038.408,4577.135,4611.433564,4542.836436,4594.284282,4559.985718,1,0
1759758599999,2025-10-06 10:45:00,4604.6,4612.65,4594.47,4606.97,36603.356,4570.450000000001,4604.953341070371,4535.946658929631,4587.701670535185,4553.198329464816,4596.3275058027775,4544.572494197224,1,0
1759758899999,2025-10-06 10:50:00,4606.98,4632.0,4602.98,4623.56,63979.637,4570.450000000001,4604.953341070371,4535.946658929631,4587.701670535185,4553.198329464816,4596.3275058027775,4544.572494197224,0,0
